[08-Aug-2026 11:40:33 UTC] PHP Notice:  Function _load_textdomain_just_in_time was called <strong>incorrectly</strong>. Translation loading for the <code>acf</code> domain was triggered too early. This is usually an indicator for some code in the plugin or theme running too early. Translations should be loaded at the <code>init</code> action or later. Please see <a href="https://developer.wordpress.org/advanced-administration/debug/debug-wordpress/">Debugging in WordPress</a> for more information. (This message was added in version 6.7.0.) in C:\OSPanel\domains\mywp\wp-includes\functions.php on line 6170
[08-Aug-2026 11:40:33 UTC] PHP Stack trace:
[08-Aug-2026 11:40:33 UTC] PHP   1. {main}() C:\OSPanel\domains\mywp\wp-admin\admin-ajax.php:0
[08-Aug-2026 11:40:33 UTC] PHP   2. require_once() C:\OSPanel\domains\mywp\wp-admin\admin-ajax.php:22
[08-Aug-2026 11:40:33 UTC] PHP   3. require_once() C:\OSPanel\domains\mywp\wp-load.php:50
[08-Aug-2026 11:40:33 UTC] PHP   4. require_once() C:\OSPanel\domains\mywp\wp-config.php:105
[08-Aug-2026 11:40:33 UTC] PHP   5. include_once() C:\OSPanel\domains\mywp\wp-settings.php:589
[08-Aug-2026 11:40:33 UTC] PHP   6. acf() C:\OSPanel\domains\mywp\wp-content\plugins\advanced-custom-fields-pro\acf.php:831
[08-Aug-2026 11:40:33 UTC] PHP   7. ACF->initialize() C:\OSPanel\domains\mywp\wp-content\plugins\advanced-custom-fields-pro\acf.php:825
[08-Aug-2026 11:40:33 UTC] PHP   8. __($text = 'Advanced Custom Fields', $domain = 'acf') C:\OSPanel\domains\mywp\wp-content\plugins\advanced-custom-fields-pro\acf.php:116
[08-Aug-2026 11:40:33 UTC] PHP   9. translate($text = 'Advanced Custom Fields', $domain = 'acf') C:\OSPanel\domains\mywp\wp-includes\l10n.php:307
[08-Aug-2026 11:40:33 UTC] PHP  10. get_translations_for_domain($domain = 'acf') C:\OSPanel\domains\mywp\wp-includes\l10n.php:195
[08-Aug-2026 11:40:33 UTC] PHP  11. _load_textdomain_just_in_time($domain = 'acf') C:\OSPanel\domains\mywp\wp-includes\l10n.php:1483
[08-Aug-2026 11:40:33 UTC] PHP  12. _doing_it_wrong($function_name = '_load_textdomain_just_in_time', $message = 'Translation loading for the <code>acf</code> domain was triggered too early. This is usually an indicator for some code in the plugin or theme running too early. Translations should be loaded at the <code>init</code> action or later.', $version = '6.7.0') C:\OSPanel\domains\mywp\wp-includes\l10n.php:1453
[08-Aug-2026 11:40:33 UTC] PHP  13. wp_trigger_error($function_name = '', $message = 'Function _load_textdomain_just_in_time was called <strong>incorrectly</strong>. Translation loading for the <code>acf</code> domain was triggered too early. This is usually an indicator for some code in the plugin or theme running too early. Translations should be loaded at the <code>init</code> action or later. Please see <a href="https://developer.wordpress.org/advanced-administration/debug/debug-wordpress/">Debugging in WordPress</a> for more information. (This message was added in version 6.7.0.)', $error_level = *uninitialized*) C:\OSPanel\domains\mywp\wp-includes\functions.php:6084
[08-Aug-2026 11:40:33 UTC] PHP  14. trigger_error($message = 'Function _load_textdomain_just_in_time was called <strong>incorrectly</strong>. Translation loading for the <code>acf</code> domain was triggered too early. This is usually an indicator for some code in the plugin or theme running too early. Translations should be loaded at the <code>init</code> action or later. Please see <a href="https://developer.wordpress.org/advanced-administration/debug/debug-wordpress/">Debugging in WordPress</a> for more information. (This message was added in version 6.7.0.)', $error_level = 1024) C:\OSPanel\domains\mywp\wp-includes\functions.php:6170
[08-Aug-2026 11:40:34 UTC] PHP Notice:  Function _load_textdomain_just_in_time was called <strong>incorrectly</strong>. Translation loading for the <code>acf</code> domain was triggered too early. This is usually an indicator for some code in the plugin or theme running too early. Translations should be loaded at the <code>init</code> action or later. Please see <a href="https://developer.wordpress.org/advanced-administration/debug/debug-wordpress/">Debugging in WordPress</a> for more information. (This message was added in version 6.7.0.) in C:\OSPanel\domains\mywp\wp-includes\functions.php on line 6170
[08-Aug-2026 11:40:34 UTC] PHP Stack trace:
[08-Aug-2026 11:40:34 UTC] PHP   1. {main}() C:\OSPanel\domains\mywp\wp-admin\about.php:0
[08-Aug-2026 11:40:34 UTC] PHP   2. require_once() C:\OSPanel\domains\mywp\wp-admin\about.php:10
[08-Aug-2026 11:40:34 UTC] PHP   3. require_once() C:\OSPanel\domains\mywp\wp-admin\admin.php:35
[08-Aug-2026 11:40:34 UTC] PHP   4. require_once() C:\OSPanel\domains\mywp\wp-load.php:50
[08-Aug-2026 11:40:34 UTC] PHP   5. require_once() C:\OSPanel\domains\mywp\wp-config.php:105
[08-Aug-2026 11:40:34 UTC] PHP   6. include_once() C:\OSPanel\domains\mywp\wp-settings.php:589
[08-Aug-2026 11:40:34 UTC] PHP   7. acf() C:\OSPanel\domains\mywp\wp-content\plugins\advanced-custom-fields-pro\acf.php:831
[08-Aug-2026 11:40:34 UTC] PHP   8. ACF->initialize() C:\OSPanel\domains\mywp\wp-content\plugins\advanced-custom-fields-pro\acf.php:825
[08-Aug-2026 11:40:34 UTC] PHP   9. __($text = 'Advanced Custom Fields', $domain = 'acf') C:\OSPanel\domains\mywp\wp-content\plugins\advanced-custom-fields-pro\acf.php:116
[08-Aug-2026 11:40:34 UTC] PHP  10. translate($text = 'Advanced Custom Fields', $domain = 'acf') C:\OSPanel\domains\mywp\wp-includes\l10n.php:307
[08-Aug-2026 11:40:34 UTC] PHP  11. get_translations_for_domain($domain = 'acf') C:\OSPanel\domains\mywp\wp-includes\l10n.php:195
[08-Aug-2026 11:40:34 UTC] PHP  12. _load_textdomain_just_in_time($domain = 'acf') C:\OSPanel\domains\mywp\wp-includes\l10n.php:1483
[08-Aug-2026 11:40:34 UTC] PHP  13. _doing_it_wrong($function_name = '_load_textdomain_just_in_time', $message = 'Translation loading for the <code>acf</code> domain was triggered too early. This is usually an indicator for some code in the plugin or theme running too early. Translations should be loaded at the <code>init</code> action or later.', $version = '6.7.0') C:\OSPanel\domains\mywp\wp-includes\l10n.php:1453
[08-Aug-2026 11:40:34 UTC] PHP  14. wp_trigger_error($function_name = '', $message = 'Function _load_textdomain_just_in_time was called <strong>incorrectly</strong>. Translation loading for the <code>acf</code> domain was triggered too early. This is usually an indicator for some code in the plugin or theme running too early. Translations should be loaded at the <code>init</code> action or later. Please see <a href="https://developer.wordpress.org/advanced-administration/debug/debug-wordpress/">Debugging in WordPress</a> for more information. (This message was added in version 6.7.0.)', $error_level = *uninitialized*) C:\OSPanel\domains\mywp\wp-includes\functions.php:6084
[08-Aug-2026 11:40:34 UTC] PHP  15. trigger_error($message = 'Function _load_textdomain_just_in_time was called <strong>incorrectly</strong>. Translation loading for the <code>acf</code> domain was triggered too early. This is usually an indicator for some code in the plugin or theme running too early. Translations should be loaded at the <code>init</code> action or later. Please see <a href="https://developer.wordpress.org/advanced-administration/debug/debug-wordpress/">Debugging in WordPress</a> for more information. (This message was added in version 6.7.0.)', $error_level = 1024) C:\OSPanel\domains\mywp\wp-includes\functions.php:6170
[08-Aug-2026 11:40:44 UTC] PHP Notice:  Function _load_textdomain_just_in_time was called <strong>incorrectly</strong>. Translation loading for the <code>acf</code> domain was triggered too early. This is usually an indicator for some code in the plugin or theme running too early. Translations should be loaded at the <code>init</code> action or later. Please see <a href="https://developer.wordpress.org/advanced-administration/debug/debug-wordpress/">Debugging in WordPress</a> for more information. (This message was added in version 6.7.0.) in C:\OSPanel\domains\mywp\wp-includes\functions.php on line 6170
[08-Aug-2026 11:40:44 UTC] PHP Stack trace:
[08-Aug-2026 11:40:44 UTC] PHP   1. {main}() C:\OSPanel\domains\mywp\wp-admin\admin.php:0
[08-Aug-2026 11:40:44 UTC] PHP   2. require_once() C:\OSPanel\domains\mywp\wp-admin\admin.php:35
[08-Aug-2026 11:40:44 UTC] PHP   3. require_once() C:\OSPanel\domains\mywp\wp-load.php:50
[08-Aug-2026 11:40:44 UTC] PHP   4. require_once() C:\OSPanel\domains\mywp\wp-config.php:105
[08-Aug-2026 11:40:44 UTC] PHP   5. include_once() C:\OSPanel\domains\mywp\wp-settings.php:589
[08-Aug-2026 11:40:44 UTC] PHP   6. acf() C:\OSPanel\domains\mywp\wp-content\plugins\advanced-custom-fields-pro\acf.php:831
[08-Aug-2026 11:40:44 UTC] PHP   7. ACF->initialize() C:\OSPanel\domains\mywp\wp-content\plugins\advanced-custom-fields-pro\acf.php:825
[08-Aug-2026 11:40:44 UTC] PHP   8. __($text = 'Advanced Custom Fields', $domain = 'acf') C:\OSPanel\domains\mywp\wp-content\plugins\advanced-custom-fields-pro\acf.php:116
[08-Aug-2026 11:40:44 UTC] PHP   9. translate($text = 'Advanced Custom Fields', $domain = 'acf') C:\OSPanel\domains\mywp\wp-includes\l10n.php:307
[08-Aug-2026 11:40:44 UTC] PHP  10. get_translations_for_domain($domain = 'acf') C:\OSPanel\domains\mywp\wp-includes\l10n.php:195
[08-Aug-2026 11:40:44 UTC] PHP  11. _load_textdomain_just_in_time($domain = 'acf') C:\OSPanel\domains\mywp\wp-includes\l10n.php:1483
[08-Aug-2026 11:40:44 UTC] PHP  12. _doing_it_wrong($function_name = '_load_textdomain_just_in_time', $message = 'Translation loading for the <code>acf</code> domain was triggered too early. This is usually an indicator for some code in the plugin or theme running too early. Translations should be loaded at the <code>init</code> action or later.', $version = '6.7.0') C:\OSPanel\domains\mywp\wp-includes\l10n.php:1453
[08-Aug-2026 11:40:44 UTC] PHP  13. wp_trigger_error($function_name = '', $message = 'Function _load_textdomain_just_in_time was called <strong>incorrectly</strong>. Translation loading for the <code>acf</code> domain was triggered too early. This is usually an indicator for some code in the plugin or theme running too early. Translations should be loaded at the <code>init</code> action or later. Please see <a href="https://developer.wordpress.org/advanced-administration/debug/debug-wordpress/">Debugging in WordPress</a> for more information. (This message was added in version 6.7.0.)', $error_level = *uninitialized*) C:\OSPanel\domains\mywp\wp-includes\functions.php:6084
[08-Aug-2026 11:40:44 UTC] PHP  14. trigger_error($message = 'Function _load_textdomain_just_in_time was called <strong>incorrectly</strong>. Translation loading for the <code>acf</code> domain was triggered too early. This is usually an indicator for some code in the plugin or theme running too early. Translations should be loaded at the <code>init</code> action or later. Please see <a href="https://developer.wordpress.org/advanced-administration/debug/debug-wordpress/">Debugging in WordPress</a> for more information. (This message was added in version 6.7.0.)', $error_level = 1024) C:\OSPanel\domains\mywp\wp-includes\functions.php:6170
[08-Aug-2026 11:40:49 UTC] PHP Notice:  Function _load_textdomain_just_in_time was called <strong>incorrectly</strong>. Translation loading for the <code>acf</code> domain was triggered too early. This is usually an indicator for some code in the plugin or theme running too early. Translations should be loaded at the <code>init</code> action or later. Please see <a href="https://developer.wordpress.org/advanced-administration/debug/debug-wordpress/">Debugging in WordPress</a> for more information. (This message was added in version 6.7.0.) in C:\OSPanel\domains\mywp\wp-includes\functions.php on line 6170
[08-Aug-2026 11:40:49 UTC] PHP Stack trace:
[08-Aug-2026 11:40:49 UTC] PHP   1. {main}() C:\OSPanel\domains\mywp\wp-admin\admin.php:0
[08-Aug-2026 11:40:49 UTC] PHP   2. require_once() C:\OSPanel\domains\mywp\wp-admin\admin.php:35
[08-Aug-2026 11:40:49 UTC] PHP   3. require_once() C:\OSPanel\domains\mywp\wp-load.php:50
[08-Aug-2026 11:40:49 UTC] PHP   4. require_once() C:\OSPanel\domains\mywp\wp-config.php:105
[08-Aug-2026 11:40:49 UTC] PHP   5. include_once() C:\OSPanel\domains\mywp\wp-settings.php:589
[08-Aug-2026 11:40:49 UTC] PHP   6. acf() C:\OSPanel\domains\mywp\wp-content\plugins\advanced-custom-fields-pro\acf.php:831
[08-Aug-2026 11:40:49 UTC] PHP   7. ACF->initialize() C:\OSPanel\domains\mywp\wp-content\plugins\advanced-custom-fields-pro\acf.php:825
[08-Aug-2026 11:40:49 UTC] PHP   8. __($text = 'Advanced Custom Fields', $domain = 'acf') C:\OSPanel\domains\mywp\wp-content\plugins\advanced-custom-fields-pro\acf.php:116
[08-Aug-2026 11:40:49 UTC] PHP   9. translate($text = 'Advanced Custom Fields', $domain = 'acf') C:\OSPanel\domains\mywp\wp-includes\l10n.php:307
[08-Aug-2026 11:40:49 UTC] PHP  10. get_translations_for_domain($domain = 'acf') C:\OSPanel\domains\mywp\wp-includes\l10n.php:195
[08-Aug-2026 11:40:49 UTC] PHP  11. _load_textdomain_just_in_time($domain = 'acf') C:\OSPanel\domains\mywp\wp-includes\l10n.php:1483
[08-Aug-2026 11:40:49 UTC] PHP  12. _doing_it_wrong($function_name = '_load_textdomain_just_in_time', $message = 'Translation loading for the <code>acf</code> domain was triggered too early. This is usually an indicator for some code in the plugin or theme running too early. Translations should be loaded at the <code>init</code> action or later.', $version = '6.7.0') C:\OSPanel\domains\mywp\wp-includes\l10n.php:1453
[08-Aug-2026 11:40:49 UTC] PHP  13. wp_trigger_error($function_name = '', $message = 'Function _load_textdomain_just_in_time was called <strong>incorrectly</strong>. Translation loading for the <code>acf</code> domain was triggered too early. This is usually an indicator for some code in the plugin or theme running too early. Translations should be loaded at the <code>init</code> action or later. Please see <a href="https://developer.wordpress.org/advanced-administration/debug/debug-wordpress/">Debugging in WordPress</a> for more information. (This message was added in version 6.7.0.)', $error_level = *uninitialized*) C:\OSPanel\domains\mywp\wp-includes\functions.php:6084
[08-Aug-2026 11:40:49 UTC] PHP  14. trigger_error($message = 'Function _load_textdomain_just_in_time was called <strong>incorrectly</strong>. Translation loading for the <code>acf</code> domain was triggered too early. This is usually an indicator for some code in the plugin or theme running too early. Translations should be loaded at the <code>init</code> action or later. Please see <a href="https://developer.wordpress.org/advanced-administration/debug/debug-wordpress/">Debugging in WordPress</a> for more information. (This message was added in version 6.7.0.)', $error_level = 1024) C:\OSPanel\domains\mywp\wp-includes\functions.php:6170
[08-Aug-2026 11:41:55 UTC] PHP Notice:  Function _load_textdomain_just_in_time was called <strong>incorrectly</strong>. Translation loading for the <code>acf</code> domain was triggered too early. This is usually an indicator for some code in the plugin or theme running too early. Translations should be loaded at the <code>init</code> action or later. Please see <a href="https://developer.wordpress.org/advanced-administration/debug/debug-wordpress/">Debugging in WordPress</a> for more information. (This message was added in version 6.7.0.) in C:\OSPanel\domains\mywp\wp-includes\functions.php on line 6170
[08-Aug-2026 11:41:55 UTC] PHP Stack trace:
[08-Aug-2026 11:41:55 UTC] PHP   1. {main}() C:\OSPanel\domains\mywp\wp-admin\admin-ajax.php:0
[08-Aug-2026 11:41:55 UTC] PHP   2. require_once() C:\OSPanel\domains\mywp\wp-admin\admin-ajax.php:22
[08-Aug-2026 11:41:55 UTC] PHP   3. require_once() C:\OSPanel\domains\mywp\wp-load.php:50
[08-Aug-2026 11:41:55 UTC] PHP   4. require_once() C:\OSPanel\domains\mywp\wp-config.php:105
[08-Aug-2026 11:41:55 UTC] PHP   5. include_once() C:\OSPanel\domains\mywp\wp-settings.php:589
[08-Aug-2026 11:41:55 UTC] PHP   6. acf() C:\OSPanel\domains\mywp\wp-content\plugins\advanced-custom-fields-pro\acf.php:831
[08-Aug-2026 11:41:55 UTC] PHP   7. ACF->initialize() C:\OSPanel\domains\mywp\wp-content\plugins\advanced-custom-fields-pro\acf.php:825
[08-Aug-2026 11:41:55 UTC] PHP   8. __($text = 'Advanced Custom Fields', $domain = 'acf') C:\OSPanel\domains\mywp\wp-content\plugins\advanced-custom-fields-pro\acf.php:116
[08-Aug-2026 11:41:55 UTC] PHP   9. translate($text = 'Advanced Custom Fields', $domain = 'acf') C:\OSPanel\domains\mywp\wp-includes\l10n.php:307
[08-Aug-2026 11:41:55 UTC] PHP  10. get_translations_for_domain($domain = 'acf') C:\OSPanel\domains\mywp\wp-includes\l10n.php:195
[08-Aug-2026 11:41:55 UTC] PHP  11. _load_textdomain_just_in_time($domain = 'acf') C:\OSPanel\domains\mywp\wp-includes\l10n.php:1483
[08-Aug-2026 11:41:55 UTC] PHP  12. _doing_it_wrong($function_name = '_load_textdomain_just_in_time', $message = 'Translation loading for the <code>acf</code> domain was triggered too early. This is usually an indicator for some code in the plugin or theme running too early. Translations should be loaded at the <code>init</code> action or later.', $version = '6.7.0') C:\OSPanel\domains\mywp\wp-includes\l10n.php:1453
[08-Aug-2026 11:41:55 UTC] PHP  13. wp_trigger_error($function_name = '', $message = 'Function _load_textdomain_just_in_time was called <strong>incorrectly</strong>. Translation loading for the <code>acf</code> domain was triggered too early. This is usually an indicator for some code in the plugin or theme running too early. Translations should be loaded at the <code>init</code> action or later. Please see <a href="https://developer.wordpress.org/advanced-administration/debug/debug-wordpress/">Debugging in WordPress</a> for more information. (This message was added in version 6.7.0.)', $error_level = *uninitialized*) C:\OSPanel\domains\mywp\wp-includes\functions.php:6084
[08-Aug-2026 11:41:55 UTC] PHP  14. trigger_error($message = 'Function _load_textdomain_just_in_time was called <strong>incorrectly</strong>. Translation loading for the <code>acf</code> domain was triggered too early. This is usually an indicator for some code in the plugin or theme running too early. Translations should be loaded at the <code>init</code> action or later. Please see <a href="https://developer.wordpress.org/advanced-administration/debug/debug-wordpress/">Debugging in WordPress</a> for more information. (This message was added in version 6.7.0.)', $error_level = 1024) C:\OSPanel\domains\mywp\wp-includes\functions.php:6170
[08-Aug-2026 11:42:03 UTC] PHP Notice:  Function _load_textdomain_just_in_time was called <strong>incorrectly</strong>. Translation loading for the <code>acf</code> domain was triggered too early. This is usually an indicator for some code in the plugin or theme running too early. Translations should be loaded at the <code>init</code> action or later. Please see <a href="https://developer.wordpress.org/advanced-administration/debug/debug-wordpress/">Debugging in WordPress</a> for more information. (This message was added in version 6.7.0.) in C:\OSPanel\domains\mywp\wp-includes\functions.php on line 6170
[08-Aug-2026 11:42:03 UTC] PHP Stack trace:
[08-Aug-2026 11:42:03 UTC] PHP   1. {main}() C:\OSPanel\domains\mywp\index.php:0
[08-Aug-2026 11:42:03 UTC] PHP   2. require() C:\OSPanel\domains\mywp\index.php:17
[08-Aug-2026 11:42:03 UTC] PHP   3. require_once() C:\OSPanel\domains\mywp\wp-blog-header.php:13
[08-Aug-2026 11:42:03 UTC] PHP   4. require_once() C:\OSPanel\domains\mywp\wp-load.php:50
[08-Aug-2026 11:42:03 UTC] PHP   5. require_once() C:\OSPanel\domains\mywp\wp-config.php:105
[08-Aug-2026 11:42:03 UTC] PHP   6. include_once() C:\OSPanel\domains\mywp\wp-settings.php:589
[08-Aug-2026 11:42:03 UTC] PHP   7. acf() C:\OSPanel\domains\mywp\wp-content\plugins\advanced-custom-fields-pro\acf.php:831
[08-Aug-2026 11:42:03 UTC] PHP   8. ACF->initialize() C:\OSPanel\domains\mywp\wp-content\plugins\advanced-custom-fields-pro\acf.php:825
[08-Aug-2026 11:42:03 UTC] PHP   9. __($text = 'Advanced Custom Fields', $domain = 'acf') C:\OSPanel\domains\mywp\wp-content\plugins\advanced-custom-fields-pro\acf.php:116
[08-Aug-2026 11:42:03 UTC] PHP  10. translate($text = 'Advanced Custom Fields', $domain = 'acf') C:\OSPanel\domains\mywp\wp-includes\l10n.php:307
[08-Aug-2026 11:42:03 UTC] PHP  11. get_translations_for_domain($domain = 'acf') C:\OSPanel\domains\mywp\wp-includes\l10n.php:195
[08-Aug-2026 11:42:03 UTC] PHP  12. _load_textdomain_just_in_time($domain = 'acf') C:\OSPanel\domains\mywp\wp-includes\l10n.php:1483
[08-Aug-2026 11:42:03 UTC] PHP  13. _doing_it_wrong($function_name = '_load_textdomain_just_in_time', $message = 'Translation loading for the <code>acf</code> domain was triggered too early. This is usually an indicator for some code in the plugin or theme running too early. Translations should be loaded at the <code>init</code> action or later.', $version = '6.7.0') C:\OSPanel\domains\mywp\wp-includes\l10n.php:1453
[08-Aug-2026 11:42:03 UTC] PHP  14. wp_trigger_error($function_name = '', $message = 'Function _load_textdomain_just_in_time was called <strong>incorrectly</strong>. Translation loading for the <code>acf</code> domain was triggered too early. This is usually an indicator for some code in the plugin or theme running too early. Translations should be loaded at the <code>init</code> action or later. Please see <a href="https://developer.wordpress.org/advanced-administration/debug/debug-wordpress/">Debugging in WordPress</a> for more information. (This message was added in version 6.7.0.)', $error_level = *uninitialized*) C:\OSPanel\domains\mywp\wp-includes\functions.php:6084
[08-Aug-2026 11:42:03 UTC] PHP  15. trigger_error($message = 'Function _load_textdomain_just_in_time was called <strong>incorrectly</strong>. Translation loading for the <code>acf</code> domain was triggered too early. This is usually an indicator for some code in the plugin or theme running too early. Translations should be loaded at the <code>init</code> action or later. Please see <a href="https://developer.wordpress.org/advanced-administration/debug/debug-wordpress/">Debugging in WordPress</a> for more information. (This message was added in version 6.7.0.)', $error_level = 1024) C:\OSPanel\domains\mywp\wp-includes\functions.php:6170
[08-Aug-2026 11:42:55 UTC] PHP Notice:  Function _load_textdomain_just_in_time was called <strong>incorrectly</strong>. Translation loading for the <code>acf</code> domain was triggered too early. This is usually an indicator for some code in the plugin or theme running too early. Translations should be loaded at the <code>init</code> action or later. Please see <a href="https://developer.wordpress.org/advanced-administration/debug/debug-wordpress/">Debugging in WordPress</a> for more information. (This message was added in version 6.7.0.) in C:\OSPanel\domains\mywp\wp-includes\functions.php on line 6170
[08-Aug-2026 11:42:55 UTC] PHP Stack trace:
[08-Aug-2026 11:42:55 UTC] PHP   1. {main}() C:\OSPanel\domains\mywp\wp-admin\admin-ajax.php:0
[08-Aug-2026 11:42:55 UTC] PHP   2. require_once() C:\OSPanel\domains\mywp\wp-admin\admin-ajax.php:22
[08-Aug-2026 11:42:55 UTC] PHP   3. require_once() C:\OSPanel\domains\mywp\wp-load.php:50
[08-Aug-2026 11:42:55 UTC] PHP   4. require_once() C:\OSPanel\domains\mywp\wp-config.php:105
[08-Aug-2026 11:42:55 UTC] PHP   5. include_once() C:\OSPanel\domains\mywp\wp-settings.php:589
[08-Aug-2026 11:42:55 UTC] PHP   6. acf() C:\OSPanel\domains\mywp\wp-content\plugins\advanced-custom-fields-pro\acf.php:831
[08-Aug-2026 11:42:55 UTC] PHP   7. ACF->initialize() C:\OSPanel\domains\mywp\wp-content\plugins\advanced-custom-fields-pro\acf.php:825
[08-Aug-2026 11:42:55 UTC] PHP   8. __($text = 'Advanced Custom Fields', $domain = 'acf') C:\OSPanel\domains\mywp\wp-content\plugins\advanced-custom-fields-pro\acf.php:116
[08-Aug-2026 11:42:55 UTC] PHP   9. translate($text = 'Advanced Custom Fields', $domain = 'acf') C:\OSPanel\domains\mywp\wp-includes\l10n.php:307
[08-Aug-2026 11:42:55 UTC] PHP  10. get_translations_for_domain($domain = 'acf') C:\OSPanel\domains\mywp\wp-includes\l10n.php:195
[08-Aug-2026 11:42:55 UTC] PHP  11. _load_textdomain_just_in_time($domain = 'acf') C:\OSPanel\domains\mywp\wp-includes\l10n.php:1483
[08-Aug-2026 11:42:55 UTC] PHP  12. _doing_it_wrong($function_name = '_load_textdomain_just_in_time', $message = 'Translation loading for the <code>acf</code> domain was triggered too early. This is usually an indicator for some code in the plugin or theme running too early. Translations should be loaded at the <code>init</code> action or later.', $version = '6.7.0') C:\OSPanel\domains\mywp\wp-includes\l10n.php:1453
[08-Aug-2026 11:42:55 UTC] PHP  13. wp_trigger_error($function_name = '', $message = 'Function _load_textdomain_just_in_time was called <strong>incorrectly</strong>. Translation loading for the <code>acf</code> domain was triggered too early. This is usually an indicator for some code in the plugin or theme running too early. Translations should be loaded at the <code>init</code> action or later. Please see <a href="https://developer.wordpress.org/advanced-administration/debug/debug-wordpress/">Debugging in WordPress</a> for more information. (This message was added in version 6.7.0.)', $error_level = *uninitialized*) C:\OSPanel\domains\mywp\wp-includes\functions.php:6084
[08-Aug-2026 11:42:55 UTC] PHP  14. trigger_error($message = 'Function _load_textdomain_just_in_time was called <strong>incorrectly</strong>. Translation loading for the <code>acf</code> domain was triggered too early. This is usually an indicator for some code in the plugin or theme running too early. Translations should be loaded at the <code>init</code> action or later. Please see <a href="https://developer.wordpress.org/advanced-administration/debug/debug-wordpress/">Debugging in WordPress</a> for more information. (This message was added in version 6.7.0.)', $error_level = 1024) C:\OSPanel\domains\mywp\wp-includes\functions.php:6170
[08-Aug-2026 11:43:01 UTC] PHP Notice:  Function _load_textdomain_just_in_time was called <strong>incorrectly</strong>. Translation loading for the <code>acf</code> domain was triggered too early. This is usually an indicator for some code in the plugin or theme running too early. Translations should be loaded at the <code>init</code> action or later. Please see <a href="https://developer.wordpress.org/advanced-administration/debug/debug-wordpress/">Debugging in WordPress</a> for more information. (This message was added in version 6.7.0.) in C:\OSPanel\domains\mywp\wp-includes\functions.php on line 6170
[08-Aug-2026 11:43:01 UTC] PHP Stack trace:
[08-Aug-2026 11:43:01 UTC] PHP   1. {main}() C:\OSPanel\domains\mywp\index.php:0
[08-Aug-2026 11:43:01 UTC] PHP   2. require() C:\OSPanel\domains\mywp\index.php:17
[08-Aug-2026 11:43:01 UTC] PHP   3. require_once() C:\OSPanel\domains\mywp\wp-blog-header.php:13
[08-Aug-2026 11:43:01 UTC] PHP   4. require_once() C:\OSPanel\domains\mywp\wp-load.php:50
[08-Aug-2026 11:43:01 UTC] PHP   5. require_once() C:\OSPanel\domains\mywp\wp-config.php:105
[08-Aug-2026 11:43:01 UTC] PHP   6. include_once() C:\OSPanel\domains\mywp\wp-settings.php:589
[08-Aug-2026 11:43:01 UTC] PHP   7. acf() C:\OSPanel\domains\mywp\wp-content\plugins\advanced-custom-fields-pro\acf.php:831
[08-Aug-2026 11:43:01 UTC] PHP   8. ACF->initialize() C:\OSPanel\domains\mywp\wp-content\plugins\advanced-custom-fields-pro\acf.php:825
[08-Aug-2026 11:43:01 UTC] PHP   9. __($text = 'Advanced Custom Fields', $domain = 'acf') C:\OSPanel\domains\mywp\wp-content\plugins\advanced-custom-fields-pro\acf.php:116
[08-Aug-2026 11:43:01 UTC] PHP  10. translate($text = 'Advanced Custom Fields', $domain = 'acf') C:\OSPanel\domains\mywp\wp-includes\l10n.php:307
[08-Aug-2026 11:43:01 UTC] PHP  11. get_translations_for_domain($domain = 'acf') C:\OSPanel\domains\mywp\wp-includes\l10n.php:195
[08-Aug-2026 11:43:01 UTC] PHP  12. _load_textdomain_just_in_time($domain = 'acf') C:\OSPanel\domains\mywp\wp-includes\l10n.php:1483
[08-Aug-2026 11:43:01 UTC] PHP  13. _doing_it_wrong($function_name = '_load_textdomain_just_in_time', $message = 'Translation loading for the <code>acf</code> domain was triggered too early. This is usually an indicator for some code in the plugin or theme running too early. Translations should be loaded at the <code>init</code> action or later.', $version = '6.7.0') C:\OSPanel\domains\mywp\wp-includes\l10n.php:1453
[08-Aug-2026 11:43:01 UTC] PHP  14. wp_trigger_error($function_name = '', $message = 'Function _load_textdomain_just_in_time was called <strong>incorrectly</strong>. Translation loading for the <code>acf</code> domain was triggered too early. This is usually an indicator for some code in the plugin or theme running too early. Translations should be loaded at the <code>init</code> action or later. Please see <a href="https://developer.wordpress.org/advanced-administration/debug/debug-wordpress/">Debugging in WordPress</a> for more information. (This message was added in version 6.7.0.)', $error_level = *uninitialized*) C:\OSPanel\domains\mywp\wp-includes\functions.php:6084
[08-Aug-2026 11:43:01 UTC] PHP  15. trigger_error($message = 'Function _load_textdomain_just_in_time was called <strong>incorrectly</strong>. Translation loading for the <code>acf</code> domain was triggered too early. This is usually an indicator for some code in the plugin or theme running too early. Translations should be loaded at the <code>init</code> action or later. Please see <a href="https://developer.wordpress.org/advanced-administration/debug/debug-wordpress/">Debugging in WordPress</a> for more information. (This message was added in version 6.7.0.)', $error_level = 1024) C:\OSPanel\domains\mywp\wp-includes\functions.php:6170
[08-Aug-2026 11:43:06 UTC] PHP Notice:  Function _load_textdomain_just_in_time was called <strong>incorrectly</strong>. Translation loading for the <code>acf</code> domain was triggered too early. This is usually an indicator for some code in the plugin or theme running too early. Translations should be loaded at the <code>init</code> action or later. Please see <a href="https://developer.wordpress.org/advanced-administration/debug/debug-wordpress/">Debugging in WordPress</a> for more information. (This message was added in version 6.7.0.) in C:\OSPanel\domains\mywp\wp-includes\functions.php on line 6170
[08-Aug-2026 11:43:06 UTC] PHP Stack trace:
[08-Aug-2026 11:43:06 UTC] PHP   1. {main}() C:\OSPanel\domains\mywp\index.php:0
[08-Aug-2026 11:43:06 UTC] PHP   2. require() C:\OSPanel\domains\mywp\index.php:17
[08-Aug-2026 11:43:06 UTC] PHP   3. require_once() C:\OSPanel\domains\mywp\wp-blog-header.php:13
[08-Aug-2026 11:43:06 UTC] PHP   4. require_once() C:\OSPanel\domains\mywp\wp-load.php:50
[08-Aug-2026 11:43:06 UTC] PHP   5. require_once() C:\OSPanel\domains\mywp\wp-config.php:105
[08-Aug-2026 11:43:06 UTC] PHP   6. include_once() C:\OSPanel\domains\mywp\wp-settings.php:589
[08-Aug-2026 11:43:06 UTC] PHP   7. acf() C:\OSPanel\domains\mywp\wp-content\plugins\advanced-custom-fields-pro\acf.php:831
[08-Aug-2026 11:43:06 UTC] PHP   8. ACF->initialize() C:\OSPanel\domains\mywp\wp-content\plugins\advanced-custom-fields-pro\acf.php:825
[08-Aug-2026 11:43:06 UTC] PHP   9. __($text = 'Advanced Custom Fields', $domain = 'acf') C:\OSPanel\domains\mywp\wp-content\plugins\advanced-custom-fields-pro\acf.php:116
[08-Aug-2026 11:43:06 UTC] PHP  10. translate($text = 'Advanced Custom Fields', $domain = 'acf') C:\OSPanel\domains\mywp\wp-includes\l10n.php:307
[08-Aug-2026 11:43:06 UTC] PHP  11. get_translations_for_domain($domain = 'acf') C:\OSPanel\domains\mywp\wp-includes\l10n.php:195
[08-Aug-2026 11:43:06 UTC] PHP  12. _load_textdomain_just_in_time($domain = 'acf') C:\OSPanel\domains\mywp\wp-includes\l10n.php:1483
[08-Aug-2026 11:43:06 UTC] PHP  13. _doing_it_wrong($function_name = '_load_textdomain_just_in_time', $message = 'Translation loading for the <code>acf</code> domain was triggered too early. This is usually an indicator for some code in the plugin or theme running too early. Translations should be loaded at the <code>init</code> action or later.', $version = '6.7.0') C:\OSPanel\domains\mywp\wp-includes\l10n.php:1453
[08-Aug-2026 11:43:06 UTC] PHP  14. wp_trigger_error($function_name = '', $message = 'Function _load_textdomain_just_in_time was called <strong>incorrectly</strong>. Translation loading for the <code>acf</code> domain was triggered too early. This is usually an indicator for some code in the plugin or theme running too early. Translations should be loaded at the <code>init</code> action or later. Please see <a href="https://developer.wordpress.org/advanced-administration/debug/debug-wordpress/">Debugging in WordPress</a> for more information. (This message was added in version 6.7.0.)', $error_level = *uninitialized*) C:\OSPanel\domains\mywp\wp-includes\functions.php:6084
[08-Aug-2026 11:43:06 UTC] PHP  15. trigger_error($message = 'Function _load_textdomain_just_in_time was called <strong>incorrectly</strong>. Translation loading for the <code>acf</code> domain was triggered too early. This is usually an indicator for some code in the plugin or theme running too early. Translations should be loaded at the <code>init</code> action or later. Please see <a href="https://developer.wordpress.org/advanced-administration/debug/debug-wordpress/">Debugging in WordPress</a> for more information. (This message was added in version 6.7.0.)', $error_level = 1024) C:\OSPanel\domains\mywp\wp-includes\functions.php:6170
[08-Aug-2026 11:43:44 UTC] PHP Notice:  Function _load_textdomain_just_in_time was called <strong>incorrectly</strong>. Translation loading for the <code>acf</code> domain was triggered too early. This is usually an indicator for some code in the plugin or theme running too early. Translations should be loaded at the <code>init</code> action or later. Please see <a href="https://developer.wordpress.org/advanced-administration/debug/debug-wordpress/">Debugging in WordPress</a> for more information. (This message was added in version 6.7.0.) in C:\OSPanel\domains\mywp\wp-includes\functions.php on line 6170
[08-Aug-2026 11:43:44 UTC] PHP Stack trace:
[08-Aug-2026 11:43:44 UTC] PHP   1. {main}() C:\OSPanel\domains\mywp\index.php:0
[08-Aug-2026 11:43:44 UTC] PHP   2. require() C:\OSPanel\domains\mywp\index.php:17
[08-Aug-2026 11:43:44 UTC] PHP   3. require_once() C:\OSPanel\domains\mywp\wp-blog-header.php:13
[08-Aug-2026 11:43:44 UTC] PHP   4. require_once() C:\OSPanel\domains\mywp\wp-load.php:50
[08-Aug-2026 11:43:44 UTC] PHP   5. require_once() C:\OSPanel\domains\mywp\wp-config.php:105
[08-Aug-2026 11:43:44 UTC] PHP   6. include_once() C:\OSPanel\domains\mywp\wp-settings.php:589
[08-Aug-2026 11:43:44 UTC] PHP   7. acf() C:\OSPanel\domains\mywp\wp-content\plugins\advanced-custom-fields-pro\acf.php:831
[08-Aug-2026 11:43:44 UTC] PHP   8. ACF->initialize() C:\OSPanel\domains\mywp\wp-content\plugins\advanced-custom-fields-pro\acf.php:825
[08-Aug-2026 11:43:44 UTC] PHP   9. __($text = 'Advanced Custom Fields', $domain = 'acf') C:\OSPanel\domains\mywp\wp-content\plugins\advanced-custom-fields-pro\acf.php:116
[08-Aug-2026 11:43:44 UTC] PHP  10. translate($text = 'Advanced Custom Fields', $domain = 'acf') C:\OSPanel\domains\mywp\wp-includes\l10n.php:307
[08-Aug-2026 11:43:44 UTC] PHP  11. get_translations_for_domain($domain = 'acf') C:\OSPanel\domains\mywp\wp-includes\l10n.php:195
[08-Aug-2026 11:43:44 UTC] PHP  12. _load_textdomain_just_in_time($domain = 'acf') C:\OSPanel\domains\mywp\wp-includes\l10n.php:1483
[08-Aug-2026 11:43:44 UTC] PHP  13. _doing_it_wrong($function_name = '_load_textdomain_just_in_time', $message = 'Translation loading for the <code>acf</code> domain was triggered too early. This is usually an indicator for some code in the plugin or theme running too early. Translations should be loaded at the <code>init</code> action or later.', $version = '6.7.0') C:\OSPanel\domains\mywp\wp-includes\l10n.php:1453
[08-Aug-2026 11:43:44 UTC] PHP  14. wp_trigger_error($function_name = '', $message = 'Function _load_textdomain_just_in_time was called <strong>incorrectly</strong>. Translation loading for the <code>acf</code> domain was triggered too early. This is usually an indicator for some code in the plugin or theme running too early. Translations should be loaded at the <code>init</code> action or later. Please see <a href="https://developer.wordpress.org/advanced-administration/debug/debug-wordpress/">Debugging in WordPress</a> for more information. (This message was added in version 6.7.0.)', $error_level = *uninitialized*) C:\OSPanel\domains\mywp\wp-includes\functions.php:6084
[08-Aug-2026 11:43:44 UTC] PHP  15. trigger_error($message = 'Function _load_textdomain_just_in_time was called <strong>incorrectly</strong>. Translation loading for the <code>acf</code> domain was triggered too early. This is usually an indicator for some code in the plugin or theme running too early. Translations should be loaded at the <code>init</code> action or later. Please see <a href="https://developer.wordpress.org/advanced-administration/debug/debug-wordpress/">Debugging in WordPress</a> for more information. (This message was added in version 6.7.0.)', $error_level = 1024) C:\OSPanel\domains\mywp\wp-includes\functions.php:6170
[08-Aug-2026 11:43:47 UTC] PHP Notice:  Function _load_textdomain_just_in_time was called <strong>incorrectly</strong>. Translation loading for the <code>acf</code> domain was triggered too early. This is usually an indicator for some code in the plugin or theme running too early. Translations should be loaded at the <code>init</code> action or later. Please see <a href="https://developer.wordpress.org/advanced-administration/debug/debug-wordpress/">Debugging in WordPress</a> for more information. (This message was added in version 6.7.0.) in C:\OSPanel\domains\mywp\wp-includes\functions.php on line 6170
[08-Aug-2026 11:43:47 UTC] PHP Stack trace:
[08-Aug-2026 11:43:47 UTC] PHP   1. {main}() C:\OSPanel\domains\mywp\index.php:0
[08-Aug-2026 11:43:47 UTC] PHP   2. require() C:\OSPanel\domains\mywp\index.php:17
[08-Aug-2026 11:43:47 UTC] PHP   3. require_once() C:\OSPanel\domains\mywp\wp-blog-header.php:13
[08-Aug-2026 11:43:47 UTC] PHP   4. require_once() C:\OSPanel\domains\mywp\wp-load.php:50
[08-Aug-2026 11:43:47 UTC] PHP   5. require_once() C:\OSPanel\domains\mywp\wp-config.php:105
[08-Aug-2026 11:43:47 UTC] PHP   6. include_once() C:\OSPanel\domains\mywp\wp-settings.php:589
[08-Aug-2026 11:43:47 UTC] PHP   7. acf() C:\OSPanel\domains\mywp\wp-content\plugins\advanced-custom-fields-pro\acf.php:831
[08-Aug-2026 11:43:47 UTC] PHP   8. ACF->initialize() C:\OSPanel\domains\mywp\wp-content\plugins\advanced-custom-fields-pro\acf.php:825
[08-Aug-2026 11:43:47 UTC] PHP   9. __($text = 'Advanced Custom Fields', $domain = 'acf') C:\OSPanel\domains\mywp\wp-content\plugins\advanced-custom-fields-pro\acf.php:116
[08-Aug-2026 11:43:47 UTC] PHP  10. translate($text = 'Advanced Custom Fields', $domain = 'acf') C:\OSPanel\domains\mywp\wp-includes\l10n.php:307
[08-Aug-2026 11:43:47 UTC] PHP  11. get_translations_for_domain($domain = 'acf') C:\OSPanel\domains\mywp\wp-includes\l10n.php:195
[08-Aug-2026 11:43:47 UTC] PHP  12. _load_textdomain_just_in_time($domain = 'acf') C:\OSPanel\domains\mywp\wp-includes\l10n.php:1483
[08-Aug-2026 11:43:47 UTC] PHP  13. _doing_it_wrong($function_name = '_load_textdomain_just_in_time', $message = 'Translation loading for the <code>acf</code> domain was triggered too early. This is usually an indicator for some code in the plugin or theme running too early. Translations should be loaded at the <code>init</code> action or later.', $version = '6.7.0') C:\OSPanel\domains\mywp\wp-includes\l10n.php:1453
[08-Aug-2026 11:43:47 UTC] PHP  14. wp_trigger_error($function_name = '', $message = 'Function _load_textdomain_just_in_time was called <strong>incorrectly</strong>. Translation loading for the <code>acf</code> domain was triggered too early. This is usually an indicator for some code in the plugin or theme running too early. Translations should be loaded at the <code>init</code> action or later. Please see <a href="https://developer.wordpress.org/advanced-administration/debug/debug-wordpress/">Debugging in WordPress</a> for more information. (This message was added in version 6.7.0.)', $error_level = *uninitialized*) C:\OSPanel\domains\mywp\wp-includes\functions.php:6084
[08-Aug-2026 11:43:47 UTC] PHP  15. trigger_error($message = 'Function _load_textdomain_just_in_time was called <strong>incorrectly</strong>. Translation loading for the <code>acf</code> domain was triggered too early. This is usually an indicator for some code in the plugin or theme running too early. Translations should be loaded at the <code>init</code> action or later. Please see <a href="https://developer.wordpress.org/advanced-administration/debug/debug-wordpress/">Debugging in WordPress</a> for more information. (This message was added in version 6.7.0.)', $error_level = 1024) C:\OSPanel\domains\mywp\wp-includes\functions.php:6170
[08-Aug-2026 11:43:55 UTC] PHP Notice:  Function _load_textdomain_just_in_time was called <strong>incorrectly</strong>. Translation loading for the <code>acf</code> domain was triggered too early. This is usually an indicator for some code in the plugin or theme running too early. Translations should be loaded at the <code>init</code> action or later. Please see <a href="https://developer.wordpress.org/advanced-administration/debug/debug-wordpress/">Debugging in WordPress</a> for more information. (This message was added in version 6.7.0.) in C:\OSPanel\domains\mywp\wp-includes\functions.php on line 6170
[08-Aug-2026 11:43:55 UTC] PHP Stack trace:
[08-Aug-2026 11:43:55 UTC] PHP   1. {main}() C:\OSPanel\domains\mywp\wp-admin\admin-ajax.php:0
[08-Aug-2026 11:43:55 UTC] PHP   2. require_once() C:\OSPanel\domains\mywp\wp-admin\admin-ajax.php:22
[08-Aug-2026 11:43:55 UTC] PHP   3. require_once() C:\OSPanel\domains\mywp\wp-load.php:50
[08-Aug-2026 11:43:55 UTC] PHP   4. require_once() C:\OSPanel\domains\mywp\wp-config.php:105
[08-Aug-2026 11:43:55 UTC] PHP   5. include_once() C:\OSPanel\domains\mywp\wp-settings.php:589
[08-Aug-2026 11:43:55 UTC] PHP   6. acf() C:\OSPanel\domains\mywp\wp-content\plugins\advanced-custom-fields-pro\acf.php:831
[08-Aug-2026 11:43:55 UTC] PHP   7. ACF->initialize() C:\OSPanel\domains\mywp\wp-content\plugins\advanced-custom-fields-pro\acf.php:825
[08-Aug-2026 11:43:55 UTC] PHP   8. __($text = 'Advanced Custom Fields', $domain = 'acf') C:\OSPanel\domains\mywp\wp-content\plugins\advanced-custom-fields-pro\acf.php:116
[08-Aug-2026 11:43:55 UTC] PHP   9. translate($text = 'Advanced Custom Fields', $domain = 'acf') C:\OSPanel\domains\mywp\wp-includes\l10n.php:307
[08-Aug-2026 11:43:55 UTC] PHP  10. get_translations_for_domain($domain = 'acf') C:\OSPanel\domains\mywp\wp-includes\l10n.php:195
[08-Aug-2026 11:43:55 UTC] PHP  11. _load_textdomain_just_in_time($domain = 'acf') C:\OSPanel\domains\mywp\wp-includes\l10n.php:1483
[08-Aug-2026 11:43:55 UTC] PHP  12. _doing_it_wrong($function_name = '_load_textdomain_just_in_time', $message = 'Translation loading for the <code>acf</code> domain was triggered too early. This is usually an indicator for some code in the plugin or theme running too early. Translations should be loaded at the <code>init</code> action or later.', $version = '6.7.0') C:\OSPanel\domains\mywp\wp-includes\l10n.php:1453
[08-Aug-2026 11:43:55 UTC] PHP  13. wp_trigger_error($function_name = '', $message = 'Function _load_textdomain_just_in_time was called <strong>incorrectly</strong>. Translation loading for the <code>acf</code> domain was triggered too early. This is usually an indicator for some code in the plugin or theme running too early. Translations should be loaded at the <code>init</code> action or later. Please see <a href="https://developer.wordpress.org/advanced-administration/debug/debug-wordpress/">Debugging in WordPress</a> for more information. (This message was added in version 6.7.0.)', $error_level = *uninitialized*) C:\OSPanel\domains\mywp\wp-includes\functions.php:6084
[08-Aug-2026 11:43:55 UTC] PHP  14. trigger_error($message = 'Function _load_textdomain_just_in_time was called <strong>incorrectly</strong>. Translation loading for the <code>acf</code> domain was triggered too early. This is usually an indicator for some code in the plugin or theme running too early. Translations should be loaded at the <code>init</code> action or later. Please see <a href="https://developer.wordpress.org/advanced-administration/debug/debug-wordpress/">Debugging in WordPress</a> for more information. (This message was added in version 6.7.0.)', $error_level = 1024) C:\OSPanel\domains\mywp\wp-includes\functions.php:6170
[08-Aug-2026 11:44:30 UTC] PHP Notice:  Function _load_textdomain_just_in_time was called <strong>incorrectly</strong>. Translation loading for the <code>acf</code> domain was triggered too early. This is usually an indicator for some code in the plugin or theme running too early. Translations should be loaded at the <code>init</code> action or later. Please see <a href="https://developer.wordpress.org/advanced-administration/debug/debug-wordpress/">Debugging in WordPress</a> for more information. (This message was added in version 6.7.0.) in C:\OSPanel\domains\mywp\wp-includes\functions.php on line 6170
[08-Aug-2026 11:44:30 UTC] PHP Stack trace:
[08-Aug-2026 11:44:30 UTC] PHP   1. {main}() C:\OSPanel\domains\mywp\index.php:0
[08-Aug-2026 11:44:30 UTC] PHP   2. require() C:\OSPanel\domains\mywp\index.php:17
[08-Aug-2026 11:44:30 UTC] PHP   3. require_once() C:\OSPanel\domains\mywp\wp-blog-header.php:13
[08-Aug-2026 11:44:30 UTC] PHP   4. require_once() C:\OSPanel\domains\mywp\wp-load.php:50
[08-Aug-2026 11:44:30 UTC] PHP   5. require_once() C:\OSPanel\domains\mywp\wp-config.php:105
[08-Aug-2026 11:44:30 UTC] PHP   6. include_once() C:\OSPanel\domains\mywp\wp-settings.php:589
[08-Aug-2026 11:44:30 UTC] PHP   7. acf() C:\OSPanel\domains\mywp\wp-content\plugins\advanced-custom-fields-pro\acf.php:831
[08-Aug-2026 11:44:30 UTC] PHP   8. ACF->initialize() C:\OSPanel\domains\mywp\wp-content\plugins\advanced-custom-fields-pro\acf.php:825
[08-Aug-2026 11:44:30 UTC] PHP   9. __($text = 'Advanced Custom Fields', $domain = 'acf') C:\OSPanel\domains\mywp\wp-content\plugins\advanced-custom-fields-pro\acf.php:116
[08-Aug-2026 11:44:30 UTC] PHP  10. translate($text = 'Advanced Custom Fields', $domain = 'acf') C:\OSPanel\domains\mywp\wp-includes\l10n.php:307
[08-Aug-2026 11:44:30 UTC] PHP  11. get_translations_for_domain($domain = 'acf') C:\OSPanel\domains\mywp\wp-includes\l10n.php:195
[08-Aug-2026 11:44:30 UTC] PHP  12. _load_textdomain_just_in_time($domain = 'acf') C:\OSPanel\domains\mywp\wp-includes\l10n.php:1483
[08-Aug-2026 11:44:30 UTC] PHP  13. _doing_it_wrong($function_name = '_load_textdomain_just_in_time', $message = 'Translation loading for the <code>acf</code> domain was triggered too early. This is usually an indicator for some code in the plugin or theme running too early. Translations should be loaded at the <code>init</code> action or later.', $version = '6.7.0') C:\OSPanel\domains\mywp\wp-includes\l10n.php:1453
[08-Aug-2026 11:44:30 UTC] PHP  14. wp_trigger_error($function_name = '', $message = 'Function _load_textdomain_just_in_time was called <strong>incorrectly</strong>. Translation loading for the <code>acf</code> domain was triggered too early. This is usually an indicator for some code in the plugin or theme running too early. Translations should be loaded at the <code>init</code> action or later. Please see <a href="https://developer.wordpress.org/advanced-administration/debug/debug-wordpress/">Debugging in WordPress</a> for more information. (This message was added in version 6.7.0.)', $error_level = *uninitialized*) C:\OSPanel\domains\mywp\wp-includes\functions.php:6084
[08-Aug-2026 11:44:30 UTC] PHP  15. trigger_error($message = 'Function _load_textdomain_just_in_time was called <strong>incorrectly</strong>. Translation loading for the <code>acf</code> domain was triggered too early. This is usually an indicator for some code in the plugin or theme running too early. Translations should be loaded at the <code>init</code> action or later. Please see <a href="https://developer.wordpress.org/advanced-administration/debug/debug-wordpress/">Debugging in WordPress</a> for more information. (This message was added in version 6.7.0.)', $error_level = 1024) C:\OSPanel\domains\mywp\wp-includes\functions.php:6170
[08-Aug-2026 11:44:33 UTC] PHP Notice:  Function _load_textdomain_just_in_time was called <strong>incorrectly</strong>. Translation loading for the <code>acf</code> domain was triggered too early. This is usually an indicator for some code in the plugin or theme running too early. Translations should be loaded at the <code>init</code> action or later. Please see <a href="https://developer.wordpress.org/advanced-administration/debug/debug-wordpress/">Debugging in WordPress</a> for more information. (This message was added in version 6.7.0.) in C:\OSPanel\domains\mywp\wp-includes\functions.php on line 6170
[08-Aug-2026 11:44:33 UTC] PHP Stack trace:
[08-Aug-2026 11:44:33 UTC] PHP   1. {main}() C:\OSPanel\domains\mywp\wp-cron.php:0
[08-Aug-2026 11:44:33 UTC] PHP   2. require_once() C:\OSPanel\domains\mywp\wp-cron.php:46
[08-Aug-2026 11:44:33 UTC] PHP   3. require_once() C:\OSPanel\domains\mywp\wp-load.php:50
[08-Aug-2026 11:44:33 UTC] PHP   4. require_once() C:\OSPanel\domains\mywp\wp-config.php:105
[08-Aug-2026 11:44:33 UTC] PHP   5. include_once() C:\OSPanel\domains\mywp\wp-settings.php:589
[08-Aug-2026 11:44:33 UTC] PHP   6. acf() C:\OSPanel\domains\mywp\wp-content\plugins\advanced-custom-fields-pro\acf.php:831
[08-Aug-2026 11:44:33 UTC] PHP   7. ACF->initialize() C:\OSPanel\domains\mywp\wp-content\plugins\advanced-custom-fields-pro\acf.php:825
[08-Aug-2026 11:44:33 UTC] PHP   8. __($text = 'Advanced Custom Fields', $domain = 'acf') C:\OSPanel\domains\mywp\wp-content\plugins\advanced-custom-fields-pro\acf.php:116
[08-Aug-2026 11:44:33 UTC] PHP   9. translate($text = 'Advanced Custom Fields', $domain = 'acf') C:\OSPanel\domains\mywp\wp-includes\l10n.php:307
[08-Aug-2026 11:44:33 UTC] PHP  10. get_translations_for_domain($domain = 'acf') C:\OSPanel\domains\mywp\wp-includes\l10n.php:195
[08-Aug-2026 11:44:33 UTC] PHP  11. _load_textdomain_just_in_time($domain = 'acf') C:\OSPanel\domains\mywp\wp-includes\l10n.php:1483
[08-Aug-2026 11:44:33 UTC] PHP  12. _doing_it_wrong($function_name = '_load_textdomain_just_in_time', $message = 'Translation loading for the <code>acf</code> domain was triggered too early. This is usually an indicator for some code in the plugin or theme running too early. Translations should be loaded at the <code>init</code> action or later.', $version = '6.7.0') C:\OSPanel\domains\mywp\wp-includes\l10n.php:1453
[08-Aug-2026 11:44:33 UTC] PHP  13. wp_trigger_error($function_name = '', $message = 'Function _load_textdomain_just_in_time was called <strong>incorrectly</strong>. Translation loading for the <code>acf</code> domain was triggered too early. This is usually an indicator for some code in the plugin or theme running too early. Translations should be loaded at the <code>init</code> action or later. Please see <a href="https://developer.wordpress.org/advanced-administration/debug/debug-wordpress/">Debugging in WordPress</a> for more information. (This message was added in version 6.7.0.)', $error_level = *uninitialized*) C:\OSPanel\domains\mywp\wp-includes\functions.php:6084
[08-Aug-2026 11:44:33 UTC] PHP  14. trigger_error($message = 'Function _load_textdomain_just_in_time was called <strong>incorrectly</strong>. Translation loading for the <code>acf</code> domain was triggered too early. This is usually an indicator for some code in the plugin or theme running too early. Translations should be loaded at the <code>init</code> action or later. Please see <a href="https://developer.wordpress.org/advanced-administration/debug/debug-wordpress/">Debugging in WordPress</a> for more information. (This message was added in version 6.7.0.)', $error_level = 1024) C:\OSPanel\domains\mywp\wp-includes\functions.php:6170
[08-Aug-2026 11:44:35 UTC] PHP Notice:  Function _load_textdomain_just_in_time was called <strong>incorrectly</strong>. Translation loading for the <code>acf</code> domain was triggered too early. This is usually an indicator for some code in the plugin or theme running too early. Translations should be loaded at the <code>init</code> action or later. Please see <a href="https://developer.wordpress.org/advanced-administration/debug/debug-wordpress/">Debugging in WordPress</a> for more information. (This message was added in version 6.7.0.) in C:\OSPanel\domains\mywp\wp-includes\functions.php on line 6170
[08-Aug-2026 11:44:35 UTC] PHP Stack trace:
[08-Aug-2026 11:44:35 UTC] PHP   1. {main}() C:\OSPanel\domains\mywp\index.php:0
[08-Aug-2026 11:44:35 UTC] PHP   2. require() C:\OSPanel\domains\mywp\index.php:17
[08-Aug-2026 11:44:35 UTC] PHP   3. require_once() C:\OSPanel\domains\mywp\wp-blog-header.php:13
[08-Aug-2026 11:44:35 UTC] PHP   4. require_once() C:\OSPanel\domains\mywp\wp-load.php:50
[08-Aug-2026 11:44:35 UTC] PHP   5. require_once() C:\OSPanel\domains\mywp\wp-config.php:105
[08-Aug-2026 11:44:35 UTC] PHP   6. include_once() C:\OSPanel\domains\mywp\wp-settings.php:589
[08-Aug-2026 11:44:35 UTC] PHP   7. acf() C:\OSPanel\domains\mywp\wp-content\plugins\advanced-custom-fields-pro\acf.php:831
[08-Aug-2026 11:44:35 UTC] PHP   8. ACF->initialize() C:\OSPanel\domains\mywp\wp-content\plugins\advanced-custom-fields-pro\acf.php:825
[08-Aug-2026 11:44:35 UTC] PHP   9. __($text = 'Advanced Custom Fields', $domain = 'acf') C:\OSPanel\domains\mywp\wp-content\plugins\advanced-custom-fields-pro\acf.php:116
[08-Aug-2026 11:44:35 UTC] PHP  10. translate($text = 'Advanced Custom Fields', $domain = 'acf') C:\OSPanel\domains\mywp\wp-includes\l10n.php:307
[08-Aug-2026 11:44:35 UTC] PHP  11. get_translations_for_domain($domain = 'acf') C:\OSPanel\domains\mywp\wp-includes\l10n.php:195
[08-Aug-2026 11:44:35 UTC] PHP  12. _load_textdomain_just_in_time($domain = 'acf') C:\OSPanel\domains\mywp\wp-includes\l10n.php:1483
[08-Aug-2026 11:44:35 UTC] PHP  13. _doing_it_wrong($function_name = '_load_textdomain_just_in_time', $message = 'Translation loading for the <code>acf</code> domain was triggered too early. This is usually an indicator for some code in the plugin or theme running too early. Translations should be loaded at the <code>init</code> action or later.', $version = '6.7.0') C:\OSPanel\domains\mywp\wp-includes\l10n.php:1453
[08-Aug-2026 11:44:35 UTC] PHP  14. wp_trigger_error($function_name = '', $message = 'Function _load_textdomain_just_in_time was called <strong>incorrectly</strong>. Translation loading for the <code>acf</code> domain was triggered too early. This is usually an indicator for some code in the plugin or theme running too early. Translations should be loaded at the <code>init</code> action or later. Please see <a href="https://developer.wordpress.org/advanced-administration/debug/debug-wordpress/">Debugging in WordPress</a> for more information. (This message was added in version 6.7.0.)', $error_level = *uninitialized*) C:\OSPanel\domains\mywp\wp-includes\functions.php:6084
[08-Aug-2026 11:44:35 UTC] PHP  15. trigger_error($message = 'Function _load_textdomain_just_in_time was called <strong>incorrectly</strong>. Translation loading for the <code>acf</code> domain was triggered too early. This is usually an indicator for some code in the plugin or theme running too early. Translations should be loaded at the <code>init</code> action or later. Please see <a href="https://developer.wordpress.org/advanced-administration/debug/debug-wordpress/">Debugging in WordPress</a> for more information. (This message was added in version 6.7.0.)', $error_level = 1024) C:\OSPanel\domains\mywp\wp-includes\functions.php:6170
[08-Aug-2026 11:44:38 UTC] PHP Notice:  Function _load_textdomain_just_in_time was called <strong>incorrectly</strong>. Translation loading for the <code>acf</code> domain was triggered too early. This is usually an indicator for some code in the plugin or theme running too early. Translations should be loaded at the <code>init</code> action or later. Please see <a href="https://developer.wordpress.org/advanced-administration/debug/debug-wordpress/">Debugging in WordPress</a> for more information. (This message was added in version 6.7.0.) in C:\OSPanel\domains\mywp\wp-includes\functions.php on line 6170
[08-Aug-2026 11:44:38 UTC] PHP Stack trace:
[08-Aug-2026 11:44:38 UTC] PHP   1. {main}() C:\OSPanel\domains\mywp\index.php:0
[08-Aug-2026 11:44:38 UTC] PHP   2. require() C:\OSPanel\domains\mywp\index.php:17
[08-Aug-2026 11:44:38 UTC] PHP   3. require_once() C:\OSPanel\domains\mywp\wp-blog-header.php:13
[08-Aug-2026 11:44:38 UTC] PHP   4. require_once() C:\OSPanel\domains\mywp\wp-load.php:50
[08-Aug-2026 11:44:38 UTC] PHP   5. require_once() C:\OSPanel\domains\mywp\wp-config.php:105
[08-Aug-2026 11:44:38 UTC] PHP   6. include_once() C:\OSPanel\domains\mywp\wp-settings.php:589
[08-Aug-2026 11:44:38 UTC] PHP   7. acf() C:\OSPanel\domains\mywp\wp-content\plugins\advanced-custom-fields-pro\acf.php:831
[08-Aug-2026 11:44:38 UTC] PHP   8. ACF->initialize() C:\OSPanel\domains\mywp\wp-content\plugins\advanced-custom-fields-pro\acf.php:825
[08-Aug-2026 11:44:38 UTC] PHP   9. __($text = 'Advanced Custom Fields', $domain = 'acf') C:\OSPanel\domains\mywp\wp-content\plugins\advanced-custom-fields-pro\acf.php:116
[08-Aug-2026 11:44:38 UTC] PHP  10. translate($text = 'Advanced Custom Fields', $domain = 'acf') C:\OSPanel\domains\mywp\wp-includes\l10n.php:307
[08-Aug-2026 11:44:38 UTC] PHP  11. get_translations_for_domain($domain = 'acf') C:\OSPanel\domains\mywp\wp-includes\l10n.php:195
[08-Aug-2026 11:44:38 UTC] PHP  12. _load_textdomain_just_in_time($domain = 'acf') C:\OSPanel\domains\mywp\wp-includes\l10n.php:1483
[08-Aug-2026 11:44:38 UTC] PHP  13. _doing_it_wrong($function_name = '_load_textdomain_just_in_time', $message = 'Translation loading for the <code>acf</code> domain was triggered too early. This is usually an indicator for some code in the plugin or theme running too early. Translations should be loaded at the <code>init</code> action or later.', $version = '6.7.0') C:\OSPanel\domains\mywp\wp-includes\l10n.php:1453
[08-Aug-2026 11:44:38 UTC] PHP  14. wp_trigger_error($function_name = '', $message = 'Function _load_textdomain_just_in_time was called <strong>incorrectly</strong>. Translation loading for the <code>acf</code> domain was triggered too early. This is usually an indicator for some code in the plugin or theme running too early. Translations should be loaded at the <code>init</code> action or later. Please see <a href="https://developer.wordpress.org/advanced-administration/debug/debug-wordpress/">Debugging in WordPress</a> for more information. (This message was added in version 6.7.0.)', $error_level = *uninitialized*) C:\OSPanel\domains\mywp\wp-includes\functions.php:6084
[08-Aug-2026 11:44:38 UTC] PHP  15. trigger_error($message = 'Function _load_textdomain_just_in_time was called <strong>incorrectly</strong>. Translation loading for the <code>acf</code> domain was triggered too early. This is usually an indicator for some code in the plugin or theme running too early. Translations should be loaded at the <code>init</code> action or later. Please see <a href="https://developer.wordpress.org/advanced-administration/debug/debug-wordpress/">Debugging in WordPress</a> for more information. (This message was added in version 6.7.0.)', $error_level = 1024) C:\OSPanel\domains\mywp\wp-includes\functions.php:6170
[08-Aug-2026 11:44:41 UTC] PHP Notice:  Function _load_textdomain_just_in_time was called <strong>incorrectly</strong>. Translation loading for the <code>acf</code> domain was triggered too early. This is usually an indicator for some code in the plugin or theme running too early. Translations should be loaded at the <code>init</code> action or later. Please see <a href="https://developer.wordpress.org/advanced-administration/debug/debug-wordpress/">Debugging in WordPress</a> for more information. (This message was added in version 6.7.0.) in C:\OSPanel\domains\mywp\wp-includes\functions.php on line 6170
[08-Aug-2026 11:44:41 UTC] PHP Stack trace:
[08-Aug-2026 11:44:41 UTC] PHP   1. {main}() C:\OSPanel\domains\mywp\index.php:0
[08-Aug-2026 11:44:41 UTC] PHP   2. require() C:\OSPanel\domains\mywp\index.php:17
[08-Aug-2026 11:44:41 UTC] PHP   3. require_once() C:\OSPanel\domains\mywp\wp-blog-header.php:13
[08-Aug-2026 11:44:41 UTC] PHP   4. require_once() C:\OSPanel\domains\mywp\wp-load.php:50
[08-Aug-2026 11:44:41 UTC] PHP   5. require_once() C:\OSPanel\domains\mywp\wp-config.php:105
[08-Aug-2026 11:44:41 UTC] PHP   6. include_once() C:\OSPanel\domains\mywp\wp-settings.php:589
[08-Aug-2026 11:44:41 UTC] PHP   7. acf() C:\OSPanel\domains\mywp\wp-content\plugins\advanced-custom-fields-pro\acf.php:831
[08-Aug-2026 11:44:41 UTC] PHP   8. ACF->initialize() C:\OSPanel\domains\mywp\wp-content\plugins\advanced-custom-fields-pro\acf.php:825
[08-Aug-2026 11:44:41 UTC] PHP   9. __($text = 'Advanced Custom Fields', $domain = 'acf') C:\OSPanel\domains\mywp\wp-content\plugins\advanced-custom-fields-pro\acf.php:116
[08-Aug-2026 11:44:41 UTC] PHP  10. translate($text = 'Advanced Custom Fields', $domain = 'acf') C:\OSPanel\domains\mywp\wp-includes\l10n.php:307
[08-Aug-2026 11:44:41 UTC] PHP  11. get_translations_for_domain($domain = 'acf') C:\OSPanel\domains\mywp\wp-includes\l10n.php:195
[08-Aug-2026 11:44:41 UTC] PHP  12. _load_textdomain_just_in_time($domain = 'acf') C:\OSPanel\domains\mywp\wp-includes\l10n.php:1483
[08-Aug-2026 11:44:41 UTC] PHP  13. _doing_it_wrong($function_name = '_load_textdomain_just_in_time', $message = 'Translation loading for the <code>acf</code> domain was triggered too early. This is usually an indicator for some code in the plugin or theme running too early. Translations should be loaded at the <code>init</code> action or later.', $version = '6.7.0') C:\OSPanel\domains\mywp\wp-includes\l10n.php:1453
[08-Aug-2026 11:44:41 UTC] PHP  14. wp_trigger_error($function_name = '', $message = 'Function _load_textdomain_just_in_time was called <strong>incorrectly</strong>. Translation loading for the <code>acf</code> domain was triggered too early. This is usually an indicator for some code in the plugin or theme running too early. Translations should be loaded at the <code>init</code> action or later. Please see <a href="https://developer.wordpress.org/advanced-administration/debug/debug-wordpress/">Debugging in WordPress</a> for more information. (This message was added in version 6.7.0.)', $error_level = *uninitialized*) C:\OSPanel\domains\mywp\wp-includes\functions.php:6084
[08-Aug-2026 11:44:41 UTC] PHP  15. trigger_error($message = 'Function _load_textdomain_just_in_time was called <strong>incorrectly</strong>. Translation loading for the <code>acf</code> domain was triggered too early. This is usually an indicator for some code in the plugin or theme running too early. Translations should be loaded at the <code>init</code> action or later. Please see <a href="https://developer.wordpress.org/advanced-administration/debug/debug-wordpress/">Debugging in WordPress</a> for more information. (This message was added in version 6.7.0.)', $error_level = 1024) C:\OSPanel\domains\mywp\wp-includes\functions.php:6170
[08-Aug-2026 11:44:44 UTC] PHP Notice:  Function _load_textdomain_just_in_time was called <strong>incorrectly</strong>. Translation loading for the <code>acf</code> domain was triggered too early. This is usually an indicator for some code in the plugin or theme running too early. Translations should be loaded at the <code>init</code> action or later. Please see <a href="https://developer.wordpress.org/advanced-administration/debug/debug-wordpress/">Debugging in WordPress</a> for more information. (This message was added in version 6.7.0.) in C:\OSPanel\domains\mywp\wp-includes\functions.php on line 6170
[08-Aug-2026 11:44:44 UTC] PHP Stack trace:
[08-Aug-2026 11:44:44 UTC] PHP   1. {main}() C:\OSPanel\domains\mywp\index.php:0
[08-Aug-2026 11:44:44 UTC] PHP   2. require() C:\OSPanel\domains\mywp\index.php:17
[08-Aug-2026 11:44:44 UTC] PHP   3. require_once() C:\OSPanel\domains\mywp\wp-blog-header.php:13
[08-Aug-2026 11:44:44 UTC] PHP   4. require_once() C:\OSPanel\domains\mywp\wp-load.php:50
[08-Aug-2026 11:44:44 UTC] PHP   5. require_once() C:\OSPanel\domains\mywp\wp-config.php:105
[08-Aug-2026 11:44:44 UTC] PHP   6. include_once() C:\OSPanel\domains\mywp\wp-settings.php:589
[08-Aug-2026 11:44:44 UTC] PHP   7. acf() C:\OSPanel\domains\mywp\wp-content\plugins\advanced-custom-fields-pro\acf.php:831
[08-Aug-2026 11:44:44 UTC] PHP   8. ACF->initialize() C:\OSPanel\domains\mywp\wp-content\plugins\advanced-custom-fields-pro\acf.php:825
[08-Aug-2026 11:44:44 UTC] PHP   9. __($text = 'Advanced Custom Fields', $domain = 'acf') C:\OSPanel\domains\mywp\wp-content\plugins\advanced-custom-fields-pro\acf.php:116
[08-Aug-2026 11:44:44 UTC] PHP  10. translate($text = 'Advanced Custom Fields', $domain = 'acf') C:\OSPanel\domains\mywp\wp-includes\l10n.php:307
[08-Aug-2026 11:44:44 UTC] PHP  11. get_translations_for_domain($domain = 'acf') C:\OSPanel\domains\mywp\wp-includes\l10n.php:195
[08-Aug-2026 11:44:44 UTC] PHP  12. _load_textdomain_just_in_time($domain = 'acf') C:\OSPanel\domains\mywp\wp-includes\l10n.php:1483
[08-Aug-2026 11:44:44 UTC] PHP  13. _doing_it_wrong($function_name = '_load_textdomain_just_in_time', $message = 'Translation loading for the <code>acf</code> domain was triggered too early. This is usually an indicator for some code in the plugin or theme running too early. Translations should be loaded at the <code>init</code> action or later.', $version = '6.7.0') C:\OSPanel\domains\mywp\wp-includes\l10n.php:1453
[08-Aug-2026 11:44:44 UTC] PHP  14. wp_trigger_error($function_name = '', $message = 'Function _load_textdomain_just_in_time was called <strong>incorrectly</strong>. Translation loading for the <code>acf</code> domain was triggered too early. This is usually an indicator for some code in the plugin or theme running too early. Translations should be loaded at the <code>init</code> action or later. Please see <a href="https://developer.wordpress.org/advanced-administration/debug/debug-wordpress/">Debugging in WordPress</a> for more information. (This message was added in version 6.7.0.)', $error_level = *uninitialized*) C:\OSPanel\domains\mywp\wp-includes\functions.php:6084
[08-Aug-2026 11:44:44 UTC] PHP  15. trigger_error($message = 'Function _load_textdomain_just_in_time was called <strong>incorrectly</strong>. Translation loading for the <code>acf</code> domain was triggered too early. This is usually an indicator for some code in the plugin or theme running too early. Translations should be loaded at the <code>init</code> action or later. Please see <a href="https://developer.wordpress.org/advanced-administration/debug/debug-wordpress/">Debugging in WordPress</a> for more information. (This message was added in version 6.7.0.)', $error_level = 1024) C:\OSPanel\domains\mywp\wp-includes\functions.php:6170
[08-Aug-2026 11:44:55 UTC] PHP Notice:  Function _load_textdomain_just_in_time was called <strong>incorrectly</strong>. Translation loading for the <code>acf</code> domain was triggered too early. This is usually an indicator for some code in the plugin or theme running too early. Translations should be loaded at the <code>init</code> action or later. Please see <a href="https://developer.wordpress.org/advanced-administration/debug/debug-wordpress/">Debugging in WordPress</a> for more information. (This message was added in version 6.7.0.) in C:\OSPanel\domains\mywp\wp-includes\functions.php on line 6170
[08-Aug-2026 11:44:55 UTC] PHP Stack trace:
[08-Aug-2026 11:44:55 UTC] PHP   1. {main}() C:\OSPanel\domains\mywp\wp-admin\admin-ajax.php:0
[08-Aug-2026 11:44:55 UTC] PHP   2. require_once() C:\OSPanel\domains\mywp\wp-admin\admin-ajax.php:22
[08-Aug-2026 11:44:55 UTC] PHP   3. require_once() C:\OSPanel\domains\mywp\wp-load.php:50
[08-Aug-2026 11:44:55 UTC] PHP   4. require_once() C:\OSPanel\domains\mywp\wp-config.php:105
[08-Aug-2026 11:44:55 UTC] PHP   5. include_once() C:\OSPanel\domains\mywp\wp-settings.php:589
[08-Aug-2026 11:44:55 UTC] PHP   6. acf() C:\OSPanel\domains\mywp\wp-content\plugins\advanced-custom-fields-pro\acf.php:831
[08-Aug-2026 11:44:55 UTC] PHP   7. ACF->initialize() C:\OSPanel\domains\mywp\wp-content\plugins\advanced-custom-fields-pro\acf.php:825
[08-Aug-2026 11:44:55 UTC] PHP   8. __($text = 'Advanced Custom Fields', $domain = 'acf') C:\OSPanel\domains\mywp\wp-content\plugins\advanced-custom-fields-pro\acf.php:116
[08-Aug-2026 11:44:55 UTC] PHP   9. translate($text = 'Advanced Custom Fields', $domain = 'acf') C:\OSPanel\domains\mywp\wp-includes\l10n.php:307
[08-Aug-2026 11:44:55 UTC] PHP  10. get_translations_for_domain($domain = 'acf') C:\OSPanel\domains\mywp\wp-includes\l10n.php:195
[08-Aug-2026 11:44:55 UTC] PHP  11. _load_textdomain_just_in_time($domain = 'acf') C:\OSPanel\domains\mywp\wp-includes\l10n.php:1483
[08-Aug-2026 11:44:55 UTC] PHP  12. _doing_it_wrong($function_name = '_load_textdomain_just_in_time', $message = 'Translation loading for the <code>acf</code> domain was triggered too early. This is usually an indicator for some code in the plugin or theme running too early. Translations should be loaded at the <code>init</code> action or later.', $version = '6.7.0') C:\OSPanel\domains\mywp\wp-includes\l10n.php:1453
[08-Aug-2026 11:44:55 UTC] PHP  13. wp_trigger_error($function_name = '', $message = 'Function _load_textdomain_just_in_time was called <strong>incorrectly</strong>. Translation loading for the <code>acf</code> domain was triggered too early. This is usually an indicator for some code in the plugin or theme running too early. Translations should be loaded at the <code>init</code> action or later. Please see <a href="https://developer.wordpress.org/advanced-administration/debug/debug-wordpress/">Debugging in WordPress</a> for more information. (This message was added in version 6.7.0.)', $error_level = *uninitialized*) C:\OSPanel\domains\mywp\wp-includes\functions.php:6084
[08-Aug-2026 11:44:55 UTC] PHP  14. trigger_error($message = 'Function _load_textdomain_just_in_time was called <strong>incorrectly</strong>. Translation loading for the <code>acf</code> domain was triggered too early. This is usually an indicator for some code in the plugin or theme running too early. Translations should be loaded at the <code>init</code> action or later. Please see <a href="https://developer.wordpress.org/advanced-administration/debug/debug-wordpress/">Debugging in WordPress</a> for more information. (This message was added in version 6.7.0.)', $error_level = 1024) C:\OSPanel\domains\mywp\wp-includes\functions.php:6170
[08-Aug-2026 11:45:00 UTC] PHP Notice:  Function _load_textdomain_just_in_time was called <strong>incorrectly</strong>. Translation loading for the <code>acf</code> domain was triggered too early. This is usually an indicator for some code in the plugin or theme running too early. Translations should be loaded at the <code>init</code> action or later. Please see <a href="https://developer.wordpress.org/advanced-administration/debug/debug-wordpress/">Debugging in WordPress</a> for more information. (This message was added in version 6.7.0.) in C:\OSPanel\domains\mywp\wp-includes\functions.php on line 6170
[08-Aug-2026 11:45:00 UTC] PHP Stack trace:
[08-Aug-2026 11:45:00 UTC] PHP   1. {main}() C:\OSPanel\domains\mywp\index.php:0
[08-Aug-2026 11:45:00 UTC] PHP   2. require() C:\OSPanel\domains\mywp\index.php:17
[08-Aug-2026 11:45:00 UTC] PHP   3. require_once() C:\OSPanel\domains\mywp\wp-blog-header.php:13
[08-Aug-2026 11:45:00 UTC] PHP   4. require_once() C:\OSPanel\domains\mywp\wp-load.php:50
[08-Aug-2026 11:45:00 UTC] PHP   5. require_once() C:\OSPanel\domains\mywp\wp-config.php:105
[08-Aug-2026 11:45:00 UTC] PHP   6. include_once() C:\OSPanel\domains\mywp\wp-settings.php:589
[08-Aug-2026 11:45:00 UTC] PHP   7. acf() C:\OSPanel\domains\mywp\wp-content\plugins\advanced-custom-fields-pro\acf.php:831
[08-Aug-2026 11:45:00 UTC] PHP   8. ACF->initialize() C:\OSPanel\domains\mywp\wp-content\plugins\advanced-custom-fields-pro\acf.php:825
[08-Aug-2026 11:45:00 UTC] PHP   9. __($text = 'Advanced Custom Fields', $domain = 'acf') C:\OSPanel\domains\mywp\wp-content\plugins\advanced-custom-fields-pro\acf.php:116
[08-Aug-2026 11:45:00 UTC] PHP  10. translate($text = 'Advanced Custom Fields', $domain = 'acf') C:\OSPanel\domains\mywp\wp-includes\l10n.php:307
[08-Aug-2026 11:45:00 UTC] PHP  11. get_translations_for_domain($domain = 'acf') C:\OSPanel\domains\mywp\wp-includes\l10n.php:195
[08-Aug-2026 11:45:00 UTC] PHP  12. _load_textdomain_just_in_time($domain = 'acf') C:\OSPanel\domains\mywp\wp-includes\l10n.php:1483
[08-Aug-2026 11:45:00 UTC] PHP  13. _doing_it_wrong($function_name = '_load_textdomain_just_in_time', $message = 'Translation loading for the <code>acf</code> domain was triggered too early. This is usually an indicator for some code in the plugin or theme running too early. Translations should be loaded at the <code>init</code> action or later.', $version = '6.7.0') C:\OSPanel\domains\mywp\wp-includes\l10n.php:1453
[08-Aug-2026 11:45:00 UTC] PHP  14. wp_trigger_error($function_name = '', $message = 'Function _load_textdomain_just_in_time was called <strong>incorrectly</strong>. Translation loading for the <code>acf</code> domain was triggered too early. This is usually an indicator for some code in the plugin or theme running too early. Translations should be loaded at the <code>init</code> action or later. Please see <a href="https://developer.wordpress.org/advanced-administration/debug/debug-wordpress/">Debugging in WordPress</a> for more information. (This message was added in version 6.7.0.)', $error_level = *uninitialized*) C:\OSPanel\domains\mywp\wp-includes\functions.php:6084
[08-Aug-2026 11:45:00 UTC] PHP  15. trigger_error($message = 'Function _load_textdomain_just_in_time was called <strong>incorrectly</strong>. Translation loading for the <code>acf</code> domain was triggered too early. This is usually an indicator for some code in the plugin or theme running too early. Translations should be loaded at the <code>init</code> action or later. Please see <a href="https://developer.wordpress.org/advanced-administration/debug/debug-wordpress/">Debugging in WordPress</a> for more information. (This message was added in version 6.7.0.)', $error_level = 1024) C:\OSPanel\domains\mywp\wp-includes\functions.php:6170
[08-Aug-2026 11:45:00 UTC] PHP Notice:  Function _load_textdomain_just_in_time was called <strong>incorrectly</strong>. Translation loading for the <code>acf</code> domain was triggered too early. This is usually an indicator for some code in the plugin or theme running too early. Translations should be loaded at the <code>init</code> action or later. Please see <a href="https://developer.wordpress.org/advanced-administration/debug/debug-wordpress/">Debugging in WordPress</a> for more information. (This message was added in version 6.7.0.) in C:\OSPanel\domains\mywp\wp-includes\functions.php on line 6170
[08-Aug-2026 11:45:00 UTC] PHP Stack trace:
[08-Aug-2026 11:45:00 UTC] PHP   1. {main}() C:\OSPanel\domains\mywp\wp-admin\admin.php:0
[08-Aug-2026 11:45:00 UTC] PHP   2. require_once() C:\OSPanel\domains\mywp\wp-admin\admin.php:35
[08-Aug-2026 11:45:00 UTC] PHP   3. require_once() C:\OSPanel\domains\mywp\wp-load.php:50
[08-Aug-2026 11:45:00 UTC] PHP   4. require_once() C:\OSPanel\domains\mywp\wp-config.php:105
[08-Aug-2026 11:45:00 UTC] PHP   5. include_once() C:\OSPanel\domains\mywp\wp-settings.php:589
[08-Aug-2026 11:45:00 UTC] PHP   6. acf() C:\OSPanel\domains\mywp\wp-content\plugins\advanced-custom-fields-pro\acf.php:831
[08-Aug-2026 11:45:00 UTC] PHP   7. ACF->initialize() C:\OSPanel\domains\mywp\wp-content\plugins\advanced-custom-fields-pro\acf.php:825
[08-Aug-2026 11:45:00 UTC] PHP   8. __($text = 'Advanced Custom Fields', $domain = 'acf') C:\OSPanel\domains\mywp\wp-content\plugins\advanced-custom-fields-pro\acf.php:116
[08-Aug-2026 11:45:00 UTC] PHP   9. translate($text = 'Advanced Custom Fields', $domain = 'acf') C:\OSPanel\domains\mywp\wp-includes\l10n.php:307
[08-Aug-2026 11:45:00 UTC] PHP  10. get_translations_for_domain($domain = 'acf') C:\OSPanel\domains\mywp\wp-includes\l10n.php:195
[08-Aug-2026 11:45:00 UTC] PHP  11. _load_textdomain_just_in_time($domain = 'acf') C:\OSPanel\domains\mywp\wp-includes\l10n.php:1483
[08-Aug-2026 11:45:00 UTC] PHP  12. _doing_it_wrong($function_name = '_load_textdomain_just_in_time', $message = 'Translation loading for the <code>acf</code> domain was triggered too early. This is usually an indicator for some code in the plugin or theme running too early. Translations should be loaded at the <code>init</code> action or later.', $version = '6.7.0') C:\OSPanel\domains\mywp\wp-includes\l10n.php:1453
[08-Aug-2026 11:45:00 UTC] PHP  13. wp_trigger_error($function_name = '', $message = 'Function _load_textdomain_just_in_time was called <strong>incorrectly</strong>. Translation loading for the <code>acf</code> domain was triggered too early. This is usually an indicator for some code in the plugin or theme running too early. Translations should be loaded at the <code>init</code> action or later. Please see <a href="https://developer.wordpress.org/advanced-administration/debug/debug-wordpress/">Debugging in WordPress</a> for more information. (This message was added in version 6.7.0.)', $error_level = *uninitialized*) C:\OSPanel\domains\mywp\wp-includes\functions.php:6084
[08-Aug-2026 11:45:00 UTC] PHP  14. trigger_error($message = 'Function _load_textdomain_just_in_time was called <strong>incorrectly</strong>. Translation loading for the <code>acf</code> domain was triggered too early. This is usually an indicator for some code in the plugin or theme running too early. Translations should be loaded at the <code>init</code> action or later. Please see <a href="https://developer.wordpress.org/advanced-administration/debug/debug-wordpress/">Debugging in WordPress</a> for more information. (This message was added in version 6.7.0.)', $error_level = 1024) C:\OSPanel\domains\mywp\wp-includes\functions.php:6170
[08-Aug-2026 11:45:04 UTC] PHP Notice:  Function _load_textdomain_just_in_time was called <strong>incorrectly</strong>. Translation loading for the <code>acf</code> domain was triggered too early. This is usually an indicator for some code in the plugin or theme running too early. Translations should be loaded at the <code>init</code> action or later. Please see <a href="https://developer.wordpress.org/advanced-administration/debug/debug-wordpress/">Debugging in WordPress</a> for more information. (This message was added in version 6.7.0.) in C:\OSPanel\domains\mywp\wp-includes\functions.php on line 6170
[08-Aug-2026 11:45:04 UTC] PHP Stack trace:
[08-Aug-2026 11:45:04 UTC] PHP   1. {main}() C:\OSPanel\domains\mywp\wp-admin\admin.php:0
[08-Aug-2026 11:45:04 UTC] PHP   2. require_once() C:\OSPanel\domains\mywp\wp-admin\admin.php:35
[08-Aug-2026 11:45:04 UTC] PHP   3. require_once() C:\OSPanel\domains\mywp\wp-load.php:50
[08-Aug-2026 11:45:04 UTC] PHP   4. require_once() C:\OSPanel\domains\mywp\wp-config.php:105
[08-Aug-2026 11:45:04 UTC] PHP   5. include_once() C:\OSPanel\domains\mywp\wp-settings.php:589
[08-Aug-2026 11:45:04 UTC] PHP   6. acf() C:\OSPanel\domains\mywp\wp-content\plugins\advanced-custom-fields-pro\acf.php:831
[08-Aug-2026 11:45:04 UTC] PHP   7. ACF->initialize() C:\OSPanel\domains\mywp\wp-content\plugins\advanced-custom-fields-pro\acf.php:825
[08-Aug-2026 11:45:04 UTC] PHP   8. __($text = 'Advanced Custom Fields', $domain = 'acf') C:\OSPanel\domains\mywp\wp-content\plugins\advanced-custom-fields-pro\acf.php:116
[08-Aug-2026 11:45:04 UTC] PHP   9. translate($text = 'Advanced Custom Fields', $domain = 'acf') C:\OSPanel\domains\mywp\wp-includes\l10n.php:307
[08-Aug-2026 11:45:04 UTC] PHP  10. get_translations_for_domain($domain = 'acf') C:\OSPanel\domains\mywp\wp-includes\l10n.php:195
[08-Aug-2026 11:45:04 UTC] PHP  11. _load_textdomain_just_in_time($domain = 'acf') C:\OSPanel\domains\mywp\wp-includes\l10n.php:1483
[08-Aug-2026 11:45:04 UTC] PHP  12. _doing_it_wrong($function_name = '_load_textdomain_just_in_time', $message = 'Translation loading for the <code>acf</code> domain was triggered too early. This is usually an indicator for some code in the plugin or theme running too early. Translations should be loaded at the <code>init</code> action or later.', $version = '6.7.0') C:\OSPanel\domains\mywp\wp-includes\l10n.php:1453
[08-Aug-2026 11:45:04 UTC] PHP  13. wp_trigger_error($function_name = '', $message = 'Function _load_textdomain_just_in_time was called <strong>incorrectly</strong>. Translation loading for the <code>acf</code> domain was triggered too early. This is usually an indicator for some code in the plugin or theme running too early. Translations should be loaded at the <code>init</code> action or later. Please see <a href="https://developer.wordpress.org/advanced-administration/debug/debug-wordpress/">Debugging in WordPress</a> for more information. (This message was added in version 6.7.0.)', $error_level = *uninitialized*) C:\OSPanel\domains\mywp\wp-includes\functions.php:6084
[08-Aug-2026 11:45:04 UTC] PHP  14. trigger_error($message = 'Function _load_textdomain_just_in_time was called <strong>incorrectly</strong>. Translation loading for the <code>acf</code> domain was triggered too early. This is usually an indicator for some code in the plugin or theme running too early. Translations should be loaded at the <code>init</code> action or later. Please see <a href="https://developer.wordpress.org/advanced-administration/debug/debug-wordpress/">Debugging in WordPress</a> for more information. (This message was added in version 6.7.0.)', $error_level = 1024) C:\OSPanel\domains\mywp\wp-includes\functions.php:6170
[08-Aug-2026 11:45:16 UTC] PHP Notice:  Function _load_textdomain_just_in_time was called <strong>incorrectly</strong>. Translation loading for the <code>acf</code> domain was triggered too early. This is usually an indicator for some code in the plugin or theme running too early. Translations should be loaded at the <code>init</code> action or later. Please see <a href="https://developer.wordpress.org/advanced-administration/debug/debug-wordpress/">Debugging in WordPress</a> for more information. (This message was added in version 6.7.0.) in C:\OSPanel\domains\mywp\wp-includes\functions.php on line 6170
[08-Aug-2026 11:45:16 UTC] PHP Stack trace:
[08-Aug-2026 11:45:16 UTC] PHP   1. {main}() C:\OSPanel\domains\mywp\index.php:0
[08-Aug-2026 11:45:16 UTC] PHP   2. require() C:\OSPanel\domains\mywp\index.php:17
[08-Aug-2026 11:45:16 UTC] PHP   3. require_once() C:\OSPanel\domains\mywp\wp-blog-header.php:13
[08-Aug-2026 11:45:16 UTC] PHP   4. require_once() C:\OSPanel\domains\mywp\wp-load.php:50
[08-Aug-2026 11:45:16 UTC] PHP   5. require_once() C:\OSPanel\domains\mywp\wp-config.php:105
[08-Aug-2026 11:45:16 UTC] PHP   6. include_once() C:\OSPanel\domains\mywp\wp-settings.php:589
[08-Aug-2026 11:45:16 UTC] PHP   7. acf() C:\OSPanel\domains\mywp\wp-content\plugins\advanced-custom-fields-pro\acf.php:831
[08-Aug-2026 11:45:16 UTC] PHP   8. ACF->initialize() C:\OSPanel\domains\mywp\wp-content\plugins\advanced-custom-fields-pro\acf.php:825
[08-Aug-2026 11:45:16 UTC] PHP   9. __($text = 'Advanced Custom Fields', $domain = 'acf') C:\OSPanel\domains\mywp\wp-content\plugins\advanced-custom-fields-pro\acf.php:116
[08-Aug-2026 11:45:16 UTC] PHP  10. translate($text = 'Advanced Custom Fields', $domain = 'acf') C:\OSPanel\domains\mywp\wp-includes\l10n.php:307
[08-Aug-2026 11:45:16 UTC] PHP  11. get_translations_for_domain($domain = 'acf') C:\OSPanel\domains\mywp\wp-includes\l10n.php:195
[08-Aug-2026 11:45:16 UTC] PHP  12. _load_textdomain_just_in_time($domain = 'acf') C:\OSPanel\domains\mywp\wp-includes\l10n.php:1483
[08-Aug-2026 11:45:16 UTC] PHP  13. _doing_it_wrong($function_name = '_load_textdomain_just_in_time', $message = 'Translation loading for the <code>acf</code> domain was triggered too early. This is usually an indicator for some code in the plugin or theme running too early. Translations should be loaded at the <code>init</code> action or later.', $version = '6.7.0') C:\OSPanel\domains\mywp\wp-includes\l10n.php:1453
[08-Aug-2026 11:45:16 UTC] PHP  14. wp_trigger_error($function_name = '', $message = 'Function _load_textdomain_just_in_time was called <strong>incorrectly</strong>. Translation loading for the <code>acf</code> domain was triggered too early. This is usually an indicator for some code in the plugin or theme running too early. Translations should be loaded at the <code>init</code> action or later. Please see <a href="https://developer.wordpress.org/advanced-administration/debug/debug-wordpress/">Debugging in WordPress</a> for more information. (This message was added in version 6.7.0.)', $error_level = *uninitialized*) C:\OSPanel\domains\mywp\wp-includes\functions.php:6084
[08-Aug-2026 11:45:16 UTC] PHP  15. trigger_error($message = 'Function _load_textdomain_just_in_time was called <strong>incorrectly</strong>. Translation loading for the <code>acf</code> domain was triggered too early. This is usually an indicator for some code in the plugin or theme running too early. Translations should be loaded at the <code>init</code> action or later. Please see <a href="https://developer.wordpress.org/advanced-administration/debug/debug-wordpress/">Debugging in WordPress</a> for more information. (This message was added in version 6.7.0.)', $error_level = 1024) C:\OSPanel\domains\mywp\wp-includes\functions.php:6170
[08-Aug-2026 11:45:20 UTC] PHP Notice:  Function _load_textdomain_just_in_time was called <strong>incorrectly</strong>. Translation loading for the <code>acf</code> domain was triggered too early. This is usually an indicator for some code in the plugin or theme running too early. Translations should be loaded at the <code>init</code> action or later. Please see <a href="https://developer.wordpress.org/advanced-administration/debug/debug-wordpress/">Debugging in WordPress</a> for more information. (This message was added in version 6.7.0.) in C:\OSPanel\domains\mywp\wp-includes\functions.php on line 6170
[08-Aug-2026 11:45:20 UTC] PHP Stack trace:
[08-Aug-2026 11:45:20 UTC] PHP   1. {main}() C:\OSPanel\domains\mywp\index.php:0
[08-Aug-2026 11:45:20 UTC] PHP   2. require() C:\OSPanel\domains\mywp\index.php:17
[08-Aug-2026 11:45:20 UTC] PHP   3. require_once() C:\OSPanel\domains\mywp\wp-blog-header.php:13
[08-Aug-2026 11:45:20 UTC] PHP   4. require_once() C:\OSPanel\domains\mywp\wp-load.php:50
[08-Aug-2026 11:45:20 UTC] PHP   5. require_once() C:\OSPanel\domains\mywp\wp-config.php:105
[08-Aug-2026 11:45:20 UTC] PHP   6. include_once() C:\OSPanel\domains\mywp\wp-settings.php:589
[08-Aug-2026 11:45:20 UTC] PHP   7. acf() C:\OSPanel\domains\mywp\wp-content\plugins\advanced-custom-fields-pro\acf.php:831
[08-Aug-2026 11:45:20 UTC] PHP   8. ACF->initialize() C:\OSPanel\domains\mywp\wp-content\plugins\advanced-custom-fields-pro\acf.php:825
[08-Aug-2026 11:45:20 UTC] PHP   9. __($text = 'Advanced Custom Fields', $domain = 'acf') C:\OSPanel\domains\mywp\wp-content\plugins\advanced-custom-fields-pro\acf.php:116
[08-Aug-2026 11:45:20 UTC] PHP  10. translate($text = 'Advanced Custom Fields', $domain = 'acf') C:\OSPanel\domains\mywp\wp-includes\l10n.php:307
[08-Aug-2026 11:45:20 UTC] PHP  11. get_translations_for_domain($domain = 'acf') C:\OSPanel\domains\mywp\wp-includes\l10n.php:195
[08-Aug-2026 11:45:20 UTC] PHP  12. _load_textdomain_just_in_time($domain = 'acf') C:\OSPanel\domains\mywp\wp-includes\l10n.php:1483
[08-Aug-2026 11:45:20 UTC] PHP  13. _doing_it_wrong($function_name = '_load_textdomain_just_in_time', $message = 'Translation loading for the <code>acf</code> domain was triggered too early. This is usually an indicator for some code in the plugin or theme running too early. Translations should be loaded at the <code>init</code> action or later.', $version = '6.7.0') C:\OSPanel\domains\mywp\wp-includes\l10n.php:1453
[08-Aug-2026 11:45:20 UTC] PHP  14. wp_trigger_error($function_name = '', $message = 'Function _load_textdomain_just_in_time was called <strong>incorrectly</strong>. Translation loading for the <code>acf</code> domain was triggered too early. This is usually an indicator for some code in the plugin or theme running too early. Translations should be loaded at the <code>init</code> action or later. Please see <a href="https://developer.wordpress.org/advanced-administration/debug/debug-wordpress/">Debugging in WordPress</a> for more information. (This message was added in version 6.7.0.)', $error_level = *uninitialized*) C:\OSPanel\domains\mywp\wp-includes\functions.php:6084
[08-Aug-2026 11:45:20 UTC] PHP  15. trigger_error($message = 'Function _load_textdomain_just_in_time was called <strong>incorrectly</strong>. Translation loading for the <code>acf</code> domain was triggered too early. This is usually an indicator for some code in the plugin or theme running too early. Translations should be loaded at the <code>init</code> action or later. Please see <a href="https://developer.wordpress.org/advanced-administration/debug/debug-wordpress/">Debugging in WordPress</a> for more information. (This message was added in version 6.7.0.)', $error_level = 1024) C:\OSPanel\domains\mywp\wp-includes\functions.php:6170
[08-Aug-2026 11:45:21 UTC] PHP Notice:  Function _load_textdomain_just_in_time was called <strong>incorrectly</strong>. Translation loading for the <code>acf</code> domain was triggered too early. This is usually an indicator for some code in the plugin or theme running too early. Translations should be loaded at the <code>init</code> action or later. Please see <a href="https://developer.wordpress.org/advanced-administration/debug/debug-wordpress/">Debugging in WordPress</a> for more information. (This message was added in version 6.7.0.) in C:\OSPanel\domains\mywp\wp-includes\functions.php on line 6170
[08-Aug-2026 11:45:21 UTC] PHP Stack trace:
[08-Aug-2026 11:45:21 UTC] PHP   1. {main}() C:\OSPanel\domains\mywp\index.php:0
[08-Aug-2026 11:45:21 UTC] PHP   2. require() C:\OSPanel\domains\mywp\index.php:17
[08-Aug-2026 11:45:21 UTC] PHP   3. require_once() C:\OSPanel\domains\mywp\wp-blog-header.php:13
[08-Aug-2026 11:45:21 UTC] PHP   4. require_once() C:\OSPanel\domains\mywp\wp-load.php:50
[08-Aug-2026 11:45:21 UTC] PHP   5. require_once() C:\OSPanel\domains\mywp\wp-config.php:105
[08-Aug-2026 11:45:21 UTC] PHP   6. include_once() C:\OSPanel\domains\mywp\wp-settings.php:589
[08-Aug-2026 11:45:21 UTC] PHP   7. acf() C:\OSPanel\domains\mywp\wp-content\plugins\advanced-custom-fields-pro\acf.php:831
[08-Aug-2026 11:45:21 UTC] PHP   8. ACF->initialize() C:\OSPanel\domains\mywp\wp-content\plugins\advanced-custom-fields-pro\acf.php:825
[08-Aug-2026 11:45:21 UTC] PHP   9. __($text = 'Advanced Custom Fields', $domain = 'acf') C:\OSPanel\domains\mywp\wp-content\plugins\advanced-custom-fields-pro\acf.php:116
[08-Aug-2026 11:45:21 UTC] PHP  10. translate($text = 'Advanced Custom Fields', $domain = 'acf') C:\OSPanel\domains\mywp\wp-includes\l10n.php:307
[08-Aug-2026 11:45:21 UTC] PHP  11. get_translations_for_domain($domain = 'acf') C:\OSPanel\domains\mywp\wp-includes\l10n.php:195
[08-Aug-2026 11:45:21 UTC] PHP  12. _load_textdomain_just_in_time($domain = 'acf') C:\OSPanel\domains\mywp\wp-includes\l10n.php:1483
[08-Aug-2026 11:45:21 UTC] PHP  13. _doing_it_wrong($function_name = '_load_textdomain_just_in_time', $message = 'Translation loading for the <code>acf</code> domain was triggered too early. This is usually an indicator for some code in the plugin or theme running too early. Translations should be loaded at the <code>init</code> action or later.', $version = '6.7.0') C:\OSPanel\domains\mywp\wp-includes\l10n.php:1453
[08-Aug-2026 11:45:21 UTC] PHP  14. wp_trigger_error($function_name = '', $message = 'Function _load_textdomain_just_in_time was called <strong>incorrectly</strong>. Translation loading for the <code>acf</code> domain was triggered too early. This is usually an indicator for some code in the plugin or theme running too early. Translations should be loaded at the <code>init</code> action or later. Please see <a href="https://developer.wordpress.org/advanced-administration/debug/debug-wordpress/">Debugging in WordPress</a> for more information. (This message was added in version 6.7.0.)', $error_level = *uninitialized*) C:\OSPanel\domains\mywp\wp-includes\functions.php:6084
[08-Aug-2026 11:45:21 UTC] PHP  15. trigger_error($message = 'Function _load_textdomain_just_in_time was called <strong>incorrectly</strong>. Translation loading for the <code>acf</code> domain was triggered too early. This is usually an indicator for some code in the plugin or theme running too early. Translations should be loaded at the <code>init</code> action or later. Please see <a href="https://developer.wordpress.org/advanced-administration/debug/debug-wordpress/">Debugging in WordPress</a> for more information. (This message was added in version 6.7.0.)', $error_level = 1024) C:\OSPanel\domains\mywp\wp-includes\functions.php:6170
[08-Aug-2026 11:45:24 UTC] PHP Notice:  Function _load_textdomain_just_in_time was called <strong>incorrectly</strong>. Translation loading for the <code>acf</code> domain was triggered too early. This is usually an indicator for some code in the plugin or theme running too early. Translations should be loaded at the <code>init</code> action or later. Please see <a href="https://developer.wordpress.org/advanced-administration/debug/debug-wordpress/">Debugging in WordPress</a> for more information. (This message was added in version 6.7.0.) in C:\OSPanel\domains\mywp\wp-includes\functions.php on line 6170
[08-Aug-2026 11:45:24 UTC] PHP Stack trace:
[08-Aug-2026 11:45:24 UTC] PHP Notice:  Function _load_textdomain_just_in_time was called <strong>incorrectly</strong>. Translation loading for the <code>acf</code> domain was triggered too early. This is usually an indicator for some code in the plugin or theme running too early. Translations should be loaded at the <code>init</code> action or later. Please see <a href="https://developer.wordpress.org/advanced-administration/debug/debug-wordpress/">Debugging in WordPress</a> for more information. (This message was added in version 6.7.0.) in C:\OSPanel\domains\mywp\wp-includes\functions.php on line 6170
[08-Aug-2026 11:45:24 UTC] PHP   1. {main}() C:\OSPanel\domains\mywp\index.php:0
[08-Aug-2026 11:45:24 UTC] PHP Stack trace:
[08-Aug-2026 11:45:24 UTC] PHP   2. require() C:\OSPanel\domains\mywp\index.php:17
[08-Aug-2026 11:45:24 UTC] PHP   1. {main}() C:\OSPanel\domains\mywp\index.php:0
[08-Aug-2026 11:45:24 UTC] PHP   3. require_once() C:\OSPanel\domains\mywp\wp-blog-header.php:13
[08-Aug-2026 11:45:24 UTC] PHP   2. require() C:\OSPanel\domains\mywp\index.php:17
[08-Aug-2026 11:45:24 UTC] PHP   4. require_once() C:\OSPanel\domains\mywp\wp-load.php:50
[08-Aug-2026 11:45:24 UTC] PHP   3. require_once() C:\OSPanel\domains\mywp\wp-blog-header.php:13
[08-Aug-2026 11:45:24 UTC] PHP   5. require_once() C:\OSPanel\domains\mywp\wp-config.php:105
[08-Aug-2026 11:45:24 UTC] PHP   4. require_once() C:\OSPanel\domains\mywp\wp-load.php:50
[08-Aug-2026 11:45:24 UTC] PHP   6. include_once() C:\OSPanel\domains\mywp\wp-settings.php:589
[08-Aug-2026 11:45:24 UTC] PHP   5. require_once() C:\OSPanel\domains\mywp\wp-config.php:105
[08-Aug-2026 11:45:24 UTC] PHP   7. acf() C:\OSPanel\domains\mywp\wp-content\plugins\advanced-custom-fields-pro\acf.php:831
[08-Aug-2026 11:45:24 UTC] PHP   6. include_once() C:\OSPanel\domains\mywp\wp-settings.php:589
[08-Aug-2026 11:45:24 UTC] PHP   8. ACF->initialize() C:\OSPanel\domains\mywp\wp-content\plugins\advanced-custom-fields-pro\acf.php:825
[08-Aug-2026 11:45:24 UTC] PHP   7. acf() C:\OSPanel\domains\mywp\wp-content\plugins\advanced-custom-fields-pro\acf.php:831
[08-Aug-2026 11:45:24 UTC] PHP   9. __($text = 'Advanced Custom Fields', $domain = 'acf') C:\OSPanel\domains\mywp\wp-content\plugins\advanced-custom-fields-pro\acf.php:116
[08-Aug-2026 11:45:24 UTC] PHP   8. ACF->initialize() C:\OSPanel\domains\mywp\wp-content\plugins\advanced-custom-fields-pro\acf.php:825
[08-Aug-2026 11:45:24 UTC] PHP  10. translate($text = 'Advanced Custom Fields', $domain = 'acf') C:\OSPanel\domains\mywp\wp-includes\l10n.php:307
[08-Aug-2026 11:45:24 UTC] PHP   9. __($text = 'Advanced Custom Fields', $domain = 'acf') C:\OSPanel\domains\mywp\wp-content\plugins\advanced-custom-fields-pro\acf.php:116
[08-Aug-2026 11:45:24 UTC] PHP  11. get_translations_for_domain($domain = 'acf') C:\OSPanel\domains\mywp\wp-includes\l10n.php:195
[08-Aug-2026 11:45:24 UTC] PHP  10. translate($text = 'Advanced Custom Fields', $domain = 'acf') C:\OSPanel\domains\mywp\wp-includes\l10n.php:307
[08-Aug-2026 11:45:24 UTC] PHP  12. _load_textdomain_just_in_time($domain = 'acf') C:\OSPanel\domains\mywp\wp-includes\l10n.php:1483
[08-Aug-2026 11:45:24 UTC] PHP  11. get_translations_for_domain($domain = 'acf') C:\OSPanel\domains\mywp\wp-includes\l10n.php:195
[08-Aug-2026 11:45:24 UTC] PHP  13. _doing_it_wrong($function_name = '_load_textdomain_just_in_time', $message = 'Translation loading for the <code>acf</code> domain was triggered too early. This is usually an indicator for some code in the plugin or theme running too early. Translations should be loaded at the <code>init</code> action or later.', $version = '6.7.0') C:\OSPanel\domains\mywp\wp-includes\l10n.php:1453
[08-Aug-2026 11:45:24 UTC] PHP  12. _load_textdomain_just_in_time($domain = 'acf') C:\OSPanel\domains\mywp\wp-includes\l10n.php:1483
[08-Aug-2026 11:45:24 UTC] PHP  14. wp_trigger_error($function_name = '', $message = 'Function _load_textdomain_just_in_time was called <strong>incorrectly</strong>. Translation loading for the <code>acf</code> domain was triggered too early. This is usually an indicator for some code in the plugin or theme running too early. Translations should be loaded at the <code>init</code> action or later. Please see <a href="https://developer.wordpress.org/advanced-administration/debug/debug-wordpress/">Debugging in WordPress</a> for more information. (This message was added in version 6.7.0.)', $error_level = *uninitialized*) C:\OSPanel\domains\mywp\wp-includes\functions.php:6084
[08-Aug-2026 11:45:24 UTC] PHP  13. _doing_it_wrong($function_name = '_load_textdomain_just_in_time', $message = 'Translation loading for the <code>acf</code> domain was triggered too early. This is usually an indicator for some code in the plugin or theme running too early. Translations should be loaded at the <code>init</code> action or later.', $version = '6.7.0') C:\OSPanel\domains\mywp\wp-includes\l10n.php:1453
[08-Aug-2026 11:45:24 UTC] PHP  15. trigger_error($message = 'Function _load_textdomain_just_in_time was called <strong>incorrectly</strong>. Translation loading for the <code>acf</code> domain was triggered too early. This is usually an indicator for some code in the plugin or theme running too early. Translations should be loaded at the <code>init</code> action or later. Please see <a href="https://developer.wordpress.org/advanced-administration/debug/debug-wordpress/">Debugging in WordPress</a> for more information. (This message was added in version 6.7.0.)', $error_level = 1024) C:\OSPanel\domains\mywp\wp-includes\functions.php:6170
[08-Aug-2026 11:45:24 UTC] PHP  14. wp_trigger_error($function_name = '', $message = 'Function _load_textdomain_just_in_time was called <strong>incorrectly</strong>. Translation loading for the <code>acf</code> domain was triggered too early. This is usually an indicator for some code in the plugin or theme running too early. Translations should be loaded at the <code>init</code> action or later. Please see <a href="https://developer.wordpress.org/advanced-administration/debug/debug-wordpress/">Debugging in WordPress</a> for more information. (This message was added in version 6.7.0.)', $error_level = *uninitialized*) C:\OSPanel\domains\mywp\wp-includes\functions.php:6084
[08-Aug-2026 11:45:24 UTC] PHP  15. trigger_error($message = 'Function _load_textdomain_just_in_time was called <strong>incorrectly</strong>. Translation loading for the <code>acf</code> domain was triggered too early. This is usually an indicator for some code in the plugin or theme running too early. Translations should be loaded at the <code>init</code> action or later. Please see <a href="https://developer.wordpress.org/advanced-administration/debug/debug-wordpress/">Debugging in WordPress</a> for more information. (This message was added in version 6.7.0.)', $error_level = 1024) C:\OSPanel\domains\mywp\wp-includes\functions.php:6170
[08-Aug-2026 11:45:30 UTC] PHP Notice:  Function _load_textdomain_just_in_time was called <strong>incorrectly</strong>. Translation loading for the <code>acf</code> domain was triggered too early. This is usually an indicator for some code in the plugin or theme running too early. Translations should be loaded at the <code>init</code> action or later. Please see <a href="https://developer.wordpress.org/advanced-administration/debug/debug-wordpress/">Debugging in WordPress</a> for more information. (This message was added in version 6.7.0.) in C:\OSPanel\domains\mywp\wp-includes\functions.php on line 6170
[08-Aug-2026 11:45:30 UTC] PHP Stack trace:
[08-Aug-2026 11:45:30 UTC] PHP   1. {main}() C:\OSPanel\domains\mywp\index.php:0
[08-Aug-2026 11:45:30 UTC] PHP   2. require() C:\OSPanel\domains\mywp\index.php:17
[08-Aug-2026 11:45:30 UTC] PHP   3. require_once() C:\OSPanel\domains\mywp\wp-blog-header.php:13
[08-Aug-2026 11:45:30 UTC] PHP   4. require_once() C:\OSPanel\domains\mywp\wp-load.php:50
[08-Aug-2026 11:45:30 UTC] PHP   5. require_once() C:\OSPanel\domains\mywp\wp-config.php:105
[08-Aug-2026 11:45:30 UTC] PHP   6. include_once() C:\OSPanel\domains\mywp\wp-settings.php:589
[08-Aug-2026 11:45:30 UTC] PHP   7. acf() C:\OSPanel\domains\mywp\wp-content\plugins\advanced-custom-fields-pro\acf.php:831
[08-Aug-2026 11:45:30 UTC] PHP   8. ACF->initialize() C:\OSPanel\domains\mywp\wp-content\plugins\advanced-custom-fields-pro\acf.php:825
[08-Aug-2026 11:45:30 UTC] PHP   9. __($text = 'Advanced Custom Fields', $domain = 'acf') C:\OSPanel\domains\mywp\wp-content\plugins\advanced-custom-fields-pro\acf.php:116
[08-Aug-2026 11:45:30 UTC] PHP  10. translate($text = 'Advanced Custom Fields', $domain = 'acf') C:\OSPanel\domains\mywp\wp-includes\l10n.php:307
[08-Aug-2026 11:45:30 UTC] PHP  11. get_translations_for_domain($domain = 'acf') C:\OSPanel\domains\mywp\wp-includes\l10n.php:195
[08-Aug-2026 11:45:30 UTC] PHP  12. _load_textdomain_just_in_time($domain = 'acf') C:\OSPanel\domains\mywp\wp-includes\l10n.php:1483
[08-Aug-2026 11:45:30 UTC] PHP  13. _doing_it_wrong($function_name = '_load_textdomain_just_in_time', $message = 'Translation loading for the <code>acf</code> domain was triggered too early. This is usually an indicator for some code in the plugin or theme running too early. Translations should be loaded at the <code>init</code> action or later.', $version = '6.7.0') C:\OSPanel\domains\mywp\wp-includes\l10n.php:1453
[08-Aug-2026 11:45:30 UTC] PHP  14. wp_trigger_error($function_name = '', $message = 'Function _load_textdomain_just_in_time was called <strong>incorrectly</strong>. Translation loading for the <code>acf</code> domain was triggered too early. This is usually an indicator for some code in the plugin or theme running too early. Translations should be loaded at the <code>init</code> action or later. Please see <a href="https://developer.wordpress.org/advanced-administration/debug/debug-wordpress/">Debugging in WordPress</a> for more information. (This message was added in version 6.7.0.)', $error_level = *uninitialized*) C:\OSPanel\domains\mywp\wp-includes\functions.php:6084
[08-Aug-2026 11:45:30 UTC] PHP  15. trigger_error($message = 'Function _load_textdomain_just_in_time was called <strong>incorrectly</strong>. Translation loading for the <code>acf</code> domain was triggered too early. This is usually an indicator for some code in the plugin or theme running too early. Translations should be loaded at the <code>init</code> action or later. Please see <a href="https://developer.wordpress.org/advanced-administration/debug/debug-wordpress/">Debugging in WordPress</a> for more information. (This message was added in version 6.7.0.)', $error_level = 1024) C:\OSPanel\domains\mywp\wp-includes\functions.php:6170
[08-Aug-2026 11:46:14 UTC] PHP Notice:  Function _load_textdomain_just_in_time was called <strong>incorrectly</strong>. Translation loading for the <code>acf</code> domain was triggered too early. This is usually an indicator for some code in the plugin or theme running too early. Translations should be loaded at the <code>init</code> action or later. Please see <a href="https://developer.wordpress.org/advanced-administration/debug/debug-wordpress/">Debugging in WordPress</a> for more information. (This message was added in version 6.7.0.) in C:\OSPanel\domains\mywp\wp-includes\functions.php on line 6170
[08-Aug-2026 11:46:14 UTC] PHP Stack trace:
[08-Aug-2026 11:46:14 UTC] PHP   1. {main}() C:\OSPanel\domains\mywp\wp-admin\index.php:0
[08-Aug-2026 11:46:14 UTC] PHP   2. require_once() C:\OSPanel\domains\mywp\wp-admin\index.php:10
[08-Aug-2026 11:46:14 UTC] PHP   3. require_once() C:\OSPanel\domains\mywp\wp-admin\admin.php:35
[08-Aug-2026 11:46:14 UTC] PHP   4. require_once() C:\OSPanel\domains\mywp\wp-load.php:50
[08-Aug-2026 11:46:14 UTC] PHP   5. require_once() C:\OSPanel\domains\mywp\wp-config.php:105
[08-Aug-2026 11:46:14 UTC] PHP   6. include_once() C:\OSPanel\domains\mywp\wp-settings.php:589
[08-Aug-2026 11:46:14 UTC] PHP   7. acf() C:\OSPanel\domains\mywp\wp-content\plugins\advanced-custom-fields-pro\acf.php:831
[08-Aug-2026 11:46:14 UTC] PHP   8. ACF->initialize() C:\OSPanel\domains\mywp\wp-content\plugins\advanced-custom-fields-pro\acf.php:825
[08-Aug-2026 11:46:14 UTC] PHP   9. __($text = 'Advanced Custom Fields', $domain = 'acf') C:\OSPanel\domains\mywp\wp-content\plugins\advanced-custom-fields-pro\acf.php:116
[08-Aug-2026 11:46:14 UTC] PHP  10. translate($text = 'Advanced Custom Fields', $domain = 'acf') C:\OSPanel\domains\mywp\wp-includes\l10n.php:307
[08-Aug-2026 11:46:14 UTC] PHP  11. get_translations_for_domain($domain = 'acf') C:\OSPanel\domains\mywp\wp-includes\l10n.php:195
[08-Aug-2026 11:46:14 UTC] PHP  12. _load_textdomain_just_in_time($domain = 'acf') C:\OSPanel\domains\mywp\wp-includes\l10n.php:1483
[08-Aug-2026 11:46:14 UTC] PHP  13. _doing_it_wrong($function_name = '_load_textdomain_just_in_time', $message = 'Translation loading for the <code>acf</code> domain was triggered too early. This is usually an indicator for some code in the plugin or theme running too early. Translations should be loaded at the <code>init</code> action or later.', $version = '6.7.0') C:\OSPanel\domains\mywp\wp-includes\l10n.php:1453
[08-Aug-2026 11:46:14 UTC] PHP  14. wp_trigger_error($function_name = '', $message = 'Function _load_textdomain_just_in_time was called <strong>incorrectly</strong>. Translation loading for the <code>acf</code> domain was triggered too early. This is usually an indicator for some code in the plugin or theme running too early. Translations should be loaded at the <code>init</code> action or later. Please see <a href="https://developer.wordpress.org/advanced-administration/debug/debug-wordpress/">Debugging in WordPress</a> for more information. (This message was added in version 6.7.0.)', $error_level = *uninitialized*) C:\OSPanel\domains\mywp\wp-includes\functions.php:6084
[08-Aug-2026 11:46:14 UTC] PHP  15. trigger_error($message = 'Function _load_textdomain_just_in_time was called <strong>incorrectly</strong>. Translation loading for the <code>acf</code> domain was triggered too early. This is usually an indicator for some code in the plugin or theme running too early. Translations should be loaded at the <code>init</code> action or later. Please see <a href="https://developer.wordpress.org/advanced-administration/debug/debug-wordpress/">Debugging in WordPress</a> for more information. (This message was added in version 6.7.0.)', $error_level = 1024) C:\OSPanel\domains\mywp\wp-includes\functions.php:6170
[08-Aug-2026 11:46:19 UTC] PHP Notice:  Function _load_textdomain_just_in_time was called <strong>incorrectly</strong>. Translation loading for the <code>acf</code> domain was triggered too early. This is usually an indicator for some code in the plugin or theme running too early. Translations should be loaded at the <code>init</code> action or later. Please see <a href="https://developer.wordpress.org/advanced-administration/debug/debug-wordpress/">Debugging in WordPress</a> for more information. (This message was added in version 6.7.0.) in C:\OSPanel\domains\mywp\wp-includes\functions.php on line 6170
[08-Aug-2026 11:46:19 UTC] PHP Stack trace:
[08-Aug-2026 11:46:19 UTC] PHP   1. {main}() C:\OSPanel\domains\mywp\wp-admin\admin-ajax.php:0
[08-Aug-2026 11:46:19 UTC] PHP   2. require_once() C:\OSPanel\domains\mywp\wp-admin\admin-ajax.php:22
[08-Aug-2026 11:46:19 UTC] PHP   3. require_once() C:\OSPanel\domains\mywp\wp-load.php:50
[08-Aug-2026 11:46:19 UTC] PHP   4. require_once() C:\OSPanel\domains\mywp\wp-config.php:105
[08-Aug-2026 11:46:19 UTC] PHP   5. include_once() C:\OSPanel\domains\mywp\wp-settings.php:589
[08-Aug-2026 11:46:19 UTC] PHP   6. acf() C:\OSPanel\domains\mywp\wp-content\plugins\advanced-custom-fields-pro\acf.php:831
[08-Aug-2026 11:46:19 UTC] PHP   7. ACF->initialize() C:\OSPanel\domains\mywp\wp-content\plugins\advanced-custom-fields-pro\acf.php:825
[08-Aug-2026 11:46:19 UTC] PHP   8. __($text = 'Advanced Custom Fields', $domain = 'acf') C:\OSPanel\domains\mywp\wp-content\plugins\advanced-custom-fields-pro\acf.php:116
[08-Aug-2026 11:46:19 UTC] PHP   9. translate($text = 'Advanced Custom Fields', $domain = 'acf') C:\OSPanel\domains\mywp\wp-includes\l10n.php:307
[08-Aug-2026 11:46:19 UTC] PHP  10. get_translations_for_domain($domain = 'acf') C:\OSPanel\domains\mywp\wp-includes\l10n.php:195
[08-Aug-2026 11:46:19 UTC] PHP  11. _load_textdomain_just_in_time($domain = 'acf') C:\OSPanel\domains\mywp\wp-includes\l10n.php:1483
[08-Aug-2026 11:46:19 UTC] PHP  12. _doing_it_wrong($function_name = '_load_textdomain_just_in_time', $message = 'Translation loading for the <code>acf</code> domain was triggered too early. This is usually an indicator for some code in the plugin or theme running too early. Translations should be loaded at the <code>init</code> action or later.', $version = '6.7.0') C:\OSPanel\domains\mywp\wp-includes\l10n.php:1453
[08-Aug-2026 11:46:19 UTC] PHP  13. wp_trigger_error($function_name = '', $message = 'Function _load_textdomain_just_in_time was called <strong>incorrectly</strong>. Translation loading for the <code>acf</code> domain was triggered too early. This is usually an indicator for some code in the plugin or theme running too early. Translations should be loaded at the <code>init</code> action or later. Please see <a href="https://developer.wordpress.org/advanced-administration/debug/debug-wordpress/">Debugging in WordPress</a> for more information. (This message was added in version 6.7.0.)', $error_level = *uninitialized*) C:\OSPanel\domains\mywp\wp-includes\functions.php:6084
[08-Aug-2026 11:46:19 UTC] PHP  14. trigger_error($message = 'Function _load_textdomain_just_in_time was called <strong>incorrectly</strong>. Translation loading for the <code>acf</code> domain was triggered too early. This is usually an indicator for some code in the plugin or theme running too early. Translations should be loaded at the <code>init</code> action or later. Please see <a href="https://developer.wordpress.org/advanced-administration/debug/debug-wordpress/">Debugging in WordPress</a> for more information. (This message was added in version 6.7.0.)', $error_level = 1024) C:\OSPanel\domains\mywp\wp-includes\functions.php:6170
[08-Aug-2026 11:46:20 UTC] PHP Notice:  Function _load_textdomain_just_in_time was called <strong>incorrectly</strong>. Translation loading for the <code>acf</code> domain was triggered too early. This is usually an indicator for some code in the plugin or theme running too early. Translations should be loaded at the <code>init</code> action or later. Please see <a href="https://developer.wordpress.org/advanced-administration/debug/debug-wordpress/">Debugging in WordPress</a> for more information. (This message was added in version 6.7.0.) in C:\OSPanel\domains\mywp\wp-includes\functions.php on line 6170
[08-Aug-2026 11:46:20 UTC] PHP Stack trace:
[08-Aug-2026 11:46:20 UTC] PHP   1. {main}() C:\OSPanel\domains\mywp\wp-admin\admin.php:0
[08-Aug-2026 11:46:20 UTC] PHP   2. require_once() C:\OSPanel\domains\mywp\wp-admin\admin.php:35
[08-Aug-2026 11:46:20 UTC] PHP   3. require_once() C:\OSPanel\domains\mywp\wp-load.php:50
[08-Aug-2026 11:46:20 UTC] PHP   4. require_once() C:\OSPanel\domains\mywp\wp-config.php:105
[08-Aug-2026 11:46:20 UTC] PHP   5. include_once() C:\OSPanel\domains\mywp\wp-settings.php:589
[08-Aug-2026 11:46:20 UTC] PHP   6. acf() C:\OSPanel\domains\mywp\wp-content\plugins\advanced-custom-fields-pro\acf.php:831
[08-Aug-2026 11:46:20 UTC] PHP   7. ACF->initialize() C:\OSPanel\domains\mywp\wp-content\plugins\advanced-custom-fields-pro\acf.php:825
[08-Aug-2026 11:46:20 UTC] PHP   8. __($text = 'Advanced Custom Fields', $domain = 'acf') C:\OSPanel\domains\mywp\wp-content\plugins\advanced-custom-fields-pro\acf.php:116
[08-Aug-2026 11:46:20 UTC] PHP   9. translate($text = 'Advanced Custom Fields', $domain = 'acf') C:\OSPanel\domains\mywp\wp-includes\l10n.php:307
[08-Aug-2026 11:46:20 UTC] PHP  10. get_translations_for_domain($domain = 'acf') C:\OSPanel\domains\mywp\wp-includes\l10n.php:195
[08-Aug-2026 11:46:20 UTC] PHP  11. _load_textdomain_just_in_time($domain = 'acf') C:\OSPanel\domains\mywp\wp-includes\l10n.php:1483
[08-Aug-2026 11:46:20 UTC] PHP  12. _doing_it_wrong($function_name = '_load_textdomain_just_in_time', $message = 'Translation loading for the <code>acf</code> domain was triggered too early. This is usually an indicator for some code in the plugin or theme running too early. Translations should be loaded at the <code>init</code> action or later.', $version = '6.7.0') C:\OSPanel\domains\mywp\wp-includes\l10n.php:1453
[08-Aug-2026 11:46:20 UTC] PHP  13. wp_trigger_error($function_name = '', $message = 'Function _load_textdomain_just_in_time was called <strong>incorrectly</strong>. Translation loading for the <code>acf</code> domain was triggered too early. This is usually an indicator for some code in the plugin or theme running too early. Translations should be loaded at the <code>init</code> action or later. Please see <a href="https://developer.wordpress.org/advanced-administration/debug/debug-wordpress/">Debugging in WordPress</a> for more information. (This message was added in version 6.7.0.)', $error_level = *uninitialized*) C:\OSPanel\domains\mywp\wp-includes\functions.php:6084
[08-Aug-2026 11:46:20 UTC] PHP  14. trigger_error($message = 'Function _load_textdomain_just_in_time was called <strong>incorrectly</strong>. Translation loading for the <code>acf</code> domain was triggered too early. This is usually an indicator for some code in the plugin or theme running too early. Translations should be loaded at the <code>init</code> action or later. Please see <a href="https://developer.wordpress.org/advanced-administration/debug/debug-wordpress/">Debugging in WordPress</a> for more information. (This message was added in version 6.7.0.)', $error_level = 1024) C:\OSPanel\domains\mywp\wp-includes\functions.php:6170
[08-Aug-2026 11:46:30 UTC] PHP Notice:  Function _load_textdomain_just_in_time was called <strong>incorrectly</strong>. Translation loading for the <code>acf</code> domain was triggered too early. This is usually an indicator for some code in the plugin or theme running too early. Translations should be loaded at the <code>init</code> action or later. Please see <a href="https://developer.wordpress.org/advanced-administration/debug/debug-wordpress/">Debugging in WordPress</a> for more information. (This message was added in version 6.7.0.) in C:\OSPanel\domains\mywp\wp-includes\functions.php on line 6170
[08-Aug-2026 11:46:30 UTC] PHP Stack trace:
[08-Aug-2026 11:46:30 UTC] PHP   1. {main}() C:\OSPanel\domains\mywp\wp-admin\admin.php:0
[08-Aug-2026 11:46:30 UTC] PHP   2. require_once() C:\OSPanel\domains\mywp\wp-admin\admin.php:35
[08-Aug-2026 11:46:30 UTC] PHP   3. require_once() C:\OSPanel\domains\mywp\wp-load.php:50
[08-Aug-2026 11:46:30 UTC] PHP   4. require_once() C:\OSPanel\domains\mywp\wp-config.php:105
[08-Aug-2026 11:46:30 UTC] PHP   5. include_once() C:\OSPanel\domains\mywp\wp-settings.php:589
[08-Aug-2026 11:46:30 UTC] PHP   6. acf() C:\OSPanel\domains\mywp\wp-content\plugins\advanced-custom-fields-pro\acf.php:831
[08-Aug-2026 11:46:30 UTC] PHP   7. ACF->initialize() C:\OSPanel\domains\mywp\wp-content\plugins\advanced-custom-fields-pro\acf.php:825
[08-Aug-2026 11:46:30 UTC] PHP   8. __($text = 'Advanced Custom Fields', $domain = 'acf') C:\OSPanel\domains\mywp\wp-content\plugins\advanced-custom-fields-pro\acf.php:116
[08-Aug-2026 11:46:30 UTC] PHP   9. translate($text = 'Advanced Custom Fields', $domain = 'acf') C:\OSPanel\domains\mywp\wp-includes\l10n.php:307
[08-Aug-2026 11:46:30 UTC] PHP  10. get_translations_for_domain($domain = 'acf') C:\OSPanel\domains\mywp\wp-includes\l10n.php:195
[08-Aug-2026 11:46:30 UTC] PHP  11. _load_textdomain_just_in_time($domain = 'acf') C:\OSPanel\domains\mywp\wp-includes\l10n.php:1483
[08-Aug-2026 11:46:30 UTC] PHP  12. _doing_it_wrong($function_name = '_load_textdomain_just_in_time', $message = 'Translation loading for the <code>acf</code> domain was triggered too early. This is usually an indicator for some code in the plugin or theme running too early. Translations should be loaded at the <code>init</code> action or later.', $version = '6.7.0') C:\OSPanel\domains\mywp\wp-includes\l10n.php:1453
[08-Aug-2026 11:46:30 UTC] PHP  13. wp_trigger_error($function_name = '', $message = 'Function _load_textdomain_just_in_time was called <strong>incorrectly</strong>. Translation loading for the <code>acf</code> domain was triggered too early. This is usually an indicator for some code in the plugin or theme running too early. Translations should be loaded at the <code>init</code> action or later. Please see <a href="https://developer.wordpress.org/advanced-administration/debug/debug-wordpress/">Debugging in WordPress</a> for more information. (This message was added in version 6.7.0.)', $error_level = *uninitialized*) C:\OSPanel\domains\mywp\wp-includes\functions.php:6084
[08-Aug-2026 11:46:30 UTC] PHP  14. trigger_error($message = 'Function _load_textdomain_just_in_time was called <strong>incorrectly</strong>. Translation loading for the <code>acf</code> domain was triggered too early. This is usually an indicator for some code in the plugin or theme running too early. Translations should be loaded at the <code>init</code> action or later. Please see <a href="https://developer.wordpress.org/advanced-administration/debug/debug-wordpress/">Debugging in WordPress</a> for more information. (This message was added in version 6.7.0.)', $error_level = 1024) C:\OSPanel\domains\mywp\wp-includes\functions.php:6170
[08-Aug-2026 11:47:36 UTC] PHP Notice:  Function _load_textdomain_just_in_time was called <strong>incorrectly</strong>. Translation loading for the <code>acf</code> domain was triggered too early. This is usually an indicator for some code in the plugin or theme running too early. Translations should be loaded at the <code>init</code> action or later. Please see <a href="https://developer.wordpress.org/advanced-administration/debug/debug-wordpress/">Debugging in WordPress</a> for more information. (This message was added in version 6.7.0.) in C:\OSPanel\domains\mywp\wp-includes\functions.php on line 6170
[08-Aug-2026 11:47:36 UTC] PHP Stack trace:
[08-Aug-2026 11:47:36 UTC] PHP   1. {main}() C:\OSPanel\domains\mywp\wp-admin\admin-ajax.php:0
[08-Aug-2026 11:47:36 UTC] PHP   2. require_once() C:\OSPanel\domains\mywp\wp-admin\admin-ajax.php:22
[08-Aug-2026 11:47:36 UTC] PHP   3. require_once() C:\OSPanel\domains\mywp\wp-load.php:50
[08-Aug-2026 11:47:36 UTC] PHP   4. require_once() C:\OSPanel\domains\mywp\wp-config.php:105
[08-Aug-2026 11:47:36 UTC] PHP   5. include_once() C:\OSPanel\domains\mywp\wp-settings.php:589
[08-Aug-2026 11:47:36 UTC] PHP   6. acf() C:\OSPanel\domains\mywp\wp-content\plugins\advanced-custom-fields-pro\acf.php:831
[08-Aug-2026 11:47:36 UTC] PHP   7. ACF->initialize() C:\OSPanel\domains\mywp\wp-content\plugins\advanced-custom-fields-pro\acf.php:825
[08-Aug-2026 11:47:36 UTC] PHP   8. __($text = 'Advanced Custom Fields', $domain = 'acf') C:\OSPanel\domains\mywp\wp-content\plugins\advanced-custom-fields-pro\acf.php:116
[08-Aug-2026 11:47:36 UTC] PHP   9. translate($text = 'Advanced Custom Fields', $domain = 'acf') C:\OSPanel\domains\mywp\wp-includes\l10n.php:307
[08-Aug-2026 11:47:36 UTC] PHP  10. get_translations_for_domain($domain = 'acf') C:\OSPanel\domains\mywp\wp-includes\l10n.php:195
[08-Aug-2026 11:47:36 UTC] PHP  11. _load_textdomain_just_in_time($domain = 'acf') C:\OSPanel\domains\mywp\wp-includes\l10n.php:1483
[08-Aug-2026 11:47:36 UTC] PHP  12. _doing_it_wrong($function_name = '_load_textdomain_just_in_time', $message = 'Translation loading for the <code>acf</code> domain was triggered too early. This is usually an indicator for some code in the plugin or theme running too early. Translations should be loaded at the <code>init</code> action or later.', $version = '6.7.0') C:\OSPanel\domains\mywp\wp-includes\l10n.php:1453
[08-Aug-2026 11:47:36 UTC] PHP  13. wp_trigger_error($function_name = '', $message = 'Function _load_textdomain_just_in_time was called <strong>incorrectly</strong>. Translation loading for the <code>acf</code> domain was triggered too early. This is usually an indicator for some code in the plugin or theme running too early. Translations should be loaded at the <code>init</code> action or later. Please see <a href="https://developer.wordpress.org/advanced-administration/debug/debug-wordpress/">Debugging in WordPress</a> for more information. (This message was added in version 6.7.0.)', $error_level = *uninitialized*) C:\OSPanel\domains\mywp\wp-includes\functions.php:6084
[08-Aug-2026 11:47:36 UTC] PHP  14. trigger_error($message = 'Function _load_textdomain_just_in_time was called <strong>incorrectly</strong>. Translation loading for the <code>acf</code> domain was triggered too early. This is usually an indicator for some code in the plugin or theme running too early. Translations should be loaded at the <code>init</code> action or later. Please see <a href="https://developer.wordpress.org/advanced-administration/debug/debug-wordpress/">Debugging in WordPress</a> for more information. (This message was added in version 6.7.0.)', $error_level = 1024) C:\OSPanel\domains\mywp\wp-includes\functions.php:6170
[08-Aug-2026 11:49:36 UTC] PHP Notice:  Function _load_textdomain_just_in_time was called <strong>incorrectly</strong>. Translation loading for the <code>acf</code> domain was triggered too early. This is usually an indicator for some code in the plugin or theme running too early. Translations should be loaded at the <code>init</code> action or later. Please see <a href="https://developer.wordpress.org/advanced-administration/debug/debug-wordpress/">Debugging in WordPress</a> for more information. (This message was added in version 6.7.0.) in C:\OSPanel\domains\mywp\wp-includes\functions.php on line 6170
[08-Aug-2026 11:49:36 UTC] PHP Stack trace:
[08-Aug-2026 11:49:36 UTC] PHP   1. {main}() C:\OSPanel\domains\mywp\wp-admin\admin-ajax.php:0
[08-Aug-2026 11:49:36 UTC] PHP   2. require_once() C:\OSPanel\domains\mywp\wp-admin\admin-ajax.php:22
[08-Aug-2026 11:49:36 UTC] PHP   3. require_once() C:\OSPanel\domains\mywp\wp-load.php:50
[08-Aug-2026 11:49:36 UTC] PHP   4. require_once() C:\OSPanel\domains\mywp\wp-config.php:105
[08-Aug-2026 11:49:36 UTC] PHP   5. include_once() C:\OSPanel\domains\mywp\wp-settings.php:589
[08-Aug-2026 11:49:36 UTC] PHP   6. acf() C:\OSPanel\domains\mywp\wp-content\plugins\advanced-custom-fields-pro\acf.php:831
[08-Aug-2026 11:49:36 UTC] PHP   7. ACF->initialize() C:\OSPanel\domains\mywp\wp-content\plugins\advanced-custom-fields-pro\acf.php:825
[08-Aug-2026 11:49:36 UTC] PHP   8. __($text = 'Advanced Custom Fields', $domain = 'acf') C:\OSPanel\domains\mywp\wp-content\plugins\advanced-custom-fields-pro\acf.php:116
[08-Aug-2026 11:49:36 UTC] PHP   9. translate($text = 'Advanced Custom Fields', $domain = 'acf') C:\OSPanel\domains\mywp\wp-includes\l10n.php:307
[08-Aug-2026 11:49:36 UTC] PHP  10. get_translations_for_domain($domain = 'acf') C:\OSPanel\domains\mywp\wp-includes\l10n.php:195
[08-Aug-2026 11:49:36 UTC] PHP  11. _load_textdomain_just_in_time($domain = 'acf') C:\OSPanel\domains\mywp\wp-includes\l10n.php:1483
[08-Aug-2026 11:49:36 UTC] PHP  12. _doing_it_wrong($function_name = '_load_textdomain_just_in_time', $message = 'Translation loading for the <code>acf</code> domain was triggered too early. This is usually an indicator for some code in the plugin or theme running too early. Translations should be loaded at the <code>init</code> action or later.', $version = '6.7.0') C:\OSPanel\domains\mywp\wp-includes\l10n.php:1453
[08-Aug-2026 11:49:36 UTC] PHP  13. wp_trigger_error($function_name = '', $message = 'Function _load_textdomain_just_in_time was called <strong>incorrectly</strong>. Translation loading for the <code>acf</code> domain was triggered too early. This is usually an indicator for some code in the plugin or theme running too early. Translations should be loaded at the <code>init</code> action or later. Please see <a href="https://developer.wordpress.org/advanced-administration/debug/debug-wordpress/">Debugging in WordPress</a> for more information. (This message was added in version 6.7.0.)', $error_level = *uninitialized*) C:\OSPanel\domains\mywp\wp-includes\functions.php:6084
[08-Aug-2026 11:49:36 UTC] PHP  14. trigger_error($message = 'Function _load_textdomain_just_in_time was called <strong>incorrectly</strong>. Translation loading for the <code>acf</code> domain was triggered too early. This is usually an indicator for some code in the plugin or theme running too early. Translations should be loaded at the <code>init</code> action or later. Please see <a href="https://developer.wordpress.org/advanced-administration/debug/debug-wordpress/">Debugging in WordPress</a> for more information. (This message was added in version 6.7.0.)', $error_level = 1024) C:\OSPanel\domains\mywp\wp-includes\functions.php:6170
[08-Aug-2026 11:49:38 UTC] PHP Notice:  Function _load_textdomain_just_in_time was called <strong>incorrectly</strong>. Translation loading for the <code>acf</code> domain was triggered too early. This is usually an indicator for some code in the plugin or theme running too early. Translations should be loaded at the <code>init</code> action or later. Please see <a href="https://developer.wordpress.org/advanced-administration/debug/debug-wordpress/">Debugging in WordPress</a> for more information. (This message was added in version 6.7.0.) in C:\OSPanel\domains\mywp\wp-includes\functions.php on line 6170
[08-Aug-2026 11:49:38 UTC] PHP Stack trace:
[08-Aug-2026 11:49:38 UTC] PHP   1. {main}() C:\OSPanel\domains\mywp\wp-cron.php:0
[08-Aug-2026 11:49:38 UTC] PHP   2. require_once() C:\OSPanel\domains\mywp\wp-cron.php:46
[08-Aug-2026 11:49:38 UTC] PHP   3. require_once() C:\OSPanel\domains\mywp\wp-load.php:50
[08-Aug-2026 11:49:38 UTC] PHP   4. require_once() C:\OSPanel\domains\mywp\wp-config.php:105
[08-Aug-2026 11:49:38 UTC] PHP   5. include_once() C:\OSPanel\domains\mywp\wp-settings.php:589
[08-Aug-2026 11:49:38 UTC] PHP   6. acf() C:\OSPanel\domains\mywp\wp-content\plugins\advanced-custom-fields-pro\acf.php:831
[08-Aug-2026 11:49:38 UTC] PHP   7. ACF->initialize() C:\OSPanel\domains\mywp\wp-content\plugins\advanced-custom-fields-pro\acf.php:825
[08-Aug-2026 11:49:38 UTC] PHP   8. __($text = 'Advanced Custom Fields', $domain = 'acf') C:\OSPanel\domains\mywp\wp-content\plugins\advanced-custom-fields-pro\acf.php:116
[08-Aug-2026 11:49:38 UTC] PHP   9. translate($text = 'Advanced Custom Fields', $domain = 'acf') C:\OSPanel\domains\mywp\wp-includes\l10n.php:307
[08-Aug-2026 11:49:38 UTC] PHP  10. get_translations_for_domain($domain = 'acf') C:\OSPanel\domains\mywp\wp-includes\l10n.php:195
[08-Aug-2026 11:49:38 UTC] PHP  11. _load_textdomain_just_in_time($domain = 'acf') C:\OSPanel\domains\mywp\wp-includes\l10n.php:1483
[08-Aug-2026 11:49:38 UTC] PHP  12. _doing_it_wrong($function_name = '_load_textdomain_just_in_time', $message = 'Translation loading for the <code>acf</code> domain was triggered too early. This is usually an indicator for some code in the plugin or theme running too early. Translations should be loaded at the <code>init</code> action or later.', $version = '6.7.0') C:\OSPanel\domains\mywp\wp-includes\l10n.php:1453
[08-Aug-2026 11:49:38 UTC] PHP  13. wp_trigger_error($function_name = '', $message = 'Function _load_textdomain_just_in_time was called <strong>incorrectly</strong>. Translation loading for the <code>acf</code> domain was triggered too early. This is usually an indicator for some code in the plugin or theme running too early. Translations should be loaded at the <code>init</code> action or later. Please see <a href="https://developer.wordpress.org/advanced-administration/debug/debug-wordpress/">Debugging in WordPress</a> for more information. (This message was added in version 6.7.0.)', $error_level = *uninitialized*) C:\OSPanel\domains\mywp\wp-includes\functions.php:6084
[08-Aug-2026 11:49:38 UTC] PHP  14. trigger_error($message = 'Function _load_textdomain_just_in_time was called <strong>incorrectly</strong>. Translation loading for the <code>acf</code> domain was triggered too early. This is usually an indicator for some code in the plugin or theme running too early. Translations should be loaded at the <code>init</code> action or later. Please see <a href="https://developer.wordpress.org/advanced-administration/debug/debug-wordpress/">Debugging in WordPress</a> for more information. (This message was added in version 6.7.0.)', $error_level = 1024) C:\OSPanel\domains\mywp\wp-includes\functions.php:6170
[08-Aug-2026 11:49:40 UTC] PHP Notice:  Function _load_textdomain_just_in_time was called <strong>incorrectly</strong>. Translation loading for the <code>acf</code> domain was triggered too early. This is usually an indicator for some code in the plugin or theme running too early. Translations should be loaded at the <code>init</code> action or later. Please see <a href="https://developer.wordpress.org/advanced-administration/debug/debug-wordpress/">Debugging in WordPress</a> for more information. (This message was added in version 6.7.0.) in C:\OSPanel\domains\mywp\wp-includes\functions.php on line 6170
[08-Aug-2026 11:49:40 UTC] PHP Stack trace:
[08-Aug-2026 11:49:40 UTC] PHP   1. {main}() C:\OSPanel\domains\mywp\index.php:0
[08-Aug-2026 11:49:40 UTC] PHP   2. require() C:\OSPanel\domains\mywp\index.php:17
[08-Aug-2026 11:49:40 UTC] PHP   3. require_once() C:\OSPanel\domains\mywp\wp-blog-header.php:13
[08-Aug-2026 11:49:40 UTC] PHP   4. require_once() C:\OSPanel\domains\mywp\wp-load.php:50
[08-Aug-2026 11:49:40 UTC] PHP   5. require_once() C:\OSPanel\domains\mywp\wp-config.php:105
[08-Aug-2026 11:49:40 UTC] PHP   6. include_once() C:\OSPanel\domains\mywp\wp-settings.php:589
[08-Aug-2026 11:49:40 UTC] PHP   7. acf() C:\OSPanel\domains\mywp\wp-content\plugins\advanced-custom-fields-pro\acf.php:831
[08-Aug-2026 11:49:40 UTC] PHP   8. ACF->initialize() C:\OSPanel\domains\mywp\wp-content\plugins\advanced-custom-fields-pro\acf.php:825
[08-Aug-2026 11:49:40 UTC] PHP   9. __($text = 'Advanced Custom Fields', $domain = 'acf') C:\OSPanel\domains\mywp\wp-content\plugins\advanced-custom-fields-pro\acf.php:116
[08-Aug-2026 11:49:40 UTC] PHP  10. translate($text = 'Advanced Custom Fields', $domain = 'acf') C:\OSPanel\domains\mywp\wp-includes\l10n.php:307
[08-Aug-2026 11:49:40 UTC] PHP  11. get_translations_for_domain($domain = 'acf') C:\OSPanel\domains\mywp\wp-includes\l10n.php:195
[08-Aug-2026 11:49:40 UTC] PHP  12. _load_textdomain_just_in_time($domain = 'acf') C:\OSPanel\domains\mywp\wp-includes\l10n.php:1483
[08-Aug-2026 11:49:40 UTC] PHP  13. _doing_it_wrong($function_name = '_load_textdomain_just_in_time', $message = 'Translation loading for the <code>acf</code> domain was triggered too early. This is usually an indicator for some code in the plugin or theme running too early. Translations should be loaded at the <code>init</code> action or later.', $version = '6.7.0') C:\OSPanel\domains\mywp\wp-includes\l10n.php:1453
[08-Aug-2026 11:49:40 UTC] PHP  14. wp_trigger_error($function_name = '', $message = 'Function _load_textdomain_just_in_time was called <strong>incorrectly</strong>. Translation loading for the <code>acf</code> domain was triggered too early. This is usually an indicator for some code in the plugin or theme running too early. Translations should be loaded at the <code>init</code> action or later. Please see <a href="https://developer.wordpress.org/advanced-administration/debug/debug-wordpress/">Debugging in WordPress</a> for more information. (This message was added in version 6.7.0.)', $error_level = *uninitialized*) C:\OSPanel\domains\mywp\wp-includes\functions.php:6084
[08-Aug-2026 11:49:40 UTC] PHP  15. trigger_error($message = 'Function _load_textdomain_just_in_time was called <strong>incorrectly</strong>. Translation loading for the <code>acf</code> domain was triggered too early. This is usually an indicator for some code in the plugin or theme running too early. Translations should be loaded at the <code>init</code> action or later. Please see <a href="https://developer.wordpress.org/advanced-administration/debug/debug-wordpress/">Debugging in WordPress</a> for more information. (This message was added in version 6.7.0.)', $error_level = 1024) C:\OSPanel\domains\mywp\wp-includes\functions.php:6170
[08-Aug-2026 11:49:43 UTC] PHP Notice:  Function _load_textdomain_just_in_time was called <strong>incorrectly</strong>. Translation loading for the <code>acf</code> domain was triggered too early. This is usually an indicator for some code in the plugin or theme running too early. Translations should be loaded at the <code>init</code> action or later. Please see <a href="https://developer.wordpress.org/advanced-administration/debug/debug-wordpress/">Debugging in WordPress</a> for more information. (This message was added in version 6.7.0.) in C:\OSPanel\domains\mywp\wp-includes\functions.php on line 6170
[08-Aug-2026 11:49:43 UTC] PHP Stack trace:
[08-Aug-2026 11:49:43 UTC] PHP   1. {main}() C:\OSPanel\domains\mywp\index.php:0
[08-Aug-2026 11:49:43 UTC] PHP   2. require() C:\OSPanel\domains\mywp\index.php:17
[08-Aug-2026 11:49:43 UTC] PHP   3. require_once() C:\OSPanel\domains\mywp\wp-blog-header.php:13
[08-Aug-2026 11:49:43 UTC] PHP   4. require_once() C:\OSPanel\domains\mywp\wp-load.php:50
[08-Aug-2026 11:49:43 UTC] PHP   5. require_once() C:\OSPanel\domains\mywp\wp-config.php:105
[08-Aug-2026 11:49:43 UTC] PHP   6. include_once() C:\OSPanel\domains\mywp\wp-settings.php:589
[08-Aug-2026 11:49:43 UTC] PHP   7. acf() C:\OSPanel\domains\mywp\wp-content\plugins\advanced-custom-fields-pro\acf.php:831
[08-Aug-2026 11:49:43 UTC] PHP   8. ACF->initialize() C:\OSPanel\domains\mywp\wp-content\plugins\advanced-custom-fields-pro\acf.php:825
[08-Aug-2026 11:49:43 UTC] PHP   9. __($text = 'Advanced Custom Fields', $domain = 'acf') C:\OSPanel\domains\mywp\wp-content\plugins\advanced-custom-fields-pro\acf.php:116
[08-Aug-2026 11:49:43 UTC] PHP  10. translate($text = 'Advanced Custom Fields', $domain = 'acf') C:\OSPanel\domains\mywp\wp-includes\l10n.php:307
[08-Aug-2026 11:49:43 UTC] PHP  11. get_translations_for_domain($domain = 'acf') C:\OSPanel\domains\mywp\wp-includes\l10n.php:195
[08-Aug-2026 11:49:43 UTC] PHP  12. _load_textdomain_just_in_time($domain = 'acf') C:\OSPanel\domains\mywp\wp-includes\l10n.php:1483
[08-Aug-2026 11:49:43 UTC] PHP  13. _doing_it_wrong($function_name = '_load_textdomain_just_in_time', $message = 'Translation loading for the <code>acf</code> domain was triggered too early. This is usually an indicator for some code in the plugin or theme running too early. Translations should be loaded at the <code>init</code> action or later.', $version = '6.7.0') C:\OSPanel\domains\mywp\wp-includes\l10n.php:1453
[08-Aug-2026 11:49:43 UTC] PHP  14. wp_trigger_error($function_name = '', $message = 'Function _load_textdomain_just_in_time was called <strong>incorrectly</strong>. Translation loading for the <code>acf</code> domain was triggered too early. This is usually an indicator for some code in the plugin or theme running too early. Translations should be loaded at the <code>init</code> action or later. Please see <a href="https://developer.wordpress.org/advanced-administration/debug/debug-wordpress/">Debugging in WordPress</a> for more information. (This message was added in version 6.7.0.)', $error_level = *uninitialized*) C:\OSPanel\domains\mywp\wp-includes\functions.php:6084
[08-Aug-2026 11:49:43 UTC] PHP  15. trigger_error($message = 'Function _load_textdomain_just_in_time was called <strong>incorrectly</strong>. Translation loading for the <code>acf</code> domain was triggered too early. This is usually an indicator for some code in the plugin or theme running too early. Translations should be loaded at the <code>init</code> action or later. Please see <a href="https://developer.wordpress.org/advanced-administration/debug/debug-wordpress/">Debugging in WordPress</a> for more information. (This message was added in version 6.7.0.)', $error_level = 1024) C:\OSPanel\domains\mywp\wp-includes\functions.php:6170
[08-Aug-2026 11:51:36 UTC] PHP Notice:  Function _load_textdomain_just_in_time was called <strong>incorrectly</strong>. Translation loading for the <code>acf</code> domain was triggered too early. This is usually an indicator for some code in the plugin or theme running too early. Translations should be loaded at the <code>init</code> action or later. Please see <a href="https://developer.wordpress.org/advanced-administration/debug/debug-wordpress/">Debugging in WordPress</a> for more information. (This message was added in version 6.7.0.) in C:\OSPanel\domains\mywp\wp-includes\functions.php on line 6170
[08-Aug-2026 11:51:36 UTC] PHP Stack trace:
[08-Aug-2026 11:51:36 UTC] PHP   1. {main}() C:\OSPanel\domains\mywp\wp-admin\admin-ajax.php:0
[08-Aug-2026 11:51:36 UTC] PHP   2. require_once() C:\OSPanel\domains\mywp\wp-admin\admin-ajax.php:22
[08-Aug-2026 11:51:36 UTC] PHP   3. require_once() C:\OSPanel\domains\mywp\wp-load.php:50
[08-Aug-2026 11:51:36 UTC] PHP   4. require_once() C:\OSPanel\domains\mywp\wp-config.php:105
[08-Aug-2026 11:51:36 UTC] PHP   5. include_once() C:\OSPanel\domains\mywp\wp-settings.php:589
[08-Aug-2026 11:51:36 UTC] PHP   6. acf() C:\OSPanel\domains\mywp\wp-content\plugins\advanced-custom-fields-pro\acf.php:831
[08-Aug-2026 11:51:36 UTC] PHP   7. ACF->initialize() C:\OSPanel\domains\mywp\wp-content\plugins\advanced-custom-fields-pro\acf.php:825
[08-Aug-2026 11:51:36 UTC] PHP   8. __($text = 'Advanced Custom Fields', $domain = 'acf') C:\OSPanel\domains\mywp\wp-content\plugins\advanced-custom-fields-pro\acf.php:116
[08-Aug-2026 11:51:36 UTC] PHP   9. translate($text = 'Advanced Custom Fields', $domain = 'acf') C:\OSPanel\domains\mywp\wp-includes\l10n.php:307
[08-Aug-2026 11:51:36 UTC] PHP  10. get_translations_for_domain($domain = 'acf') C:\OSPanel\domains\mywp\wp-includes\l10n.php:195
[08-Aug-2026 11:51:36 UTC] PHP  11. _load_textdomain_just_in_time($domain = 'acf') C:\OSPanel\domains\mywp\wp-includes\l10n.php:1483
[08-Aug-2026 11:51:36 UTC] PHP  12. _doing_it_wrong($function_name = '_load_textdomain_just_in_time', $message = 'Translation loading for the <code>acf</code> domain was triggered too early. This is usually an indicator for some code in the plugin or theme running too early. Translations should be loaded at the <code>init</code> action or later.', $version = '6.7.0') C:\OSPanel\domains\mywp\wp-includes\l10n.php:1453
[08-Aug-2026 11:51:36 UTC] PHP  13. wp_trigger_error($function_name = '', $message = 'Function _load_textdomain_just_in_time was called <strong>incorrectly</strong>. Translation loading for the <code>acf</code> domain was triggered too early. This is usually an indicator for some code in the plugin or theme running too early. Translations should be loaded at the <code>init</code> action or later. Please see <a href="https://developer.wordpress.org/advanced-administration/debug/debug-wordpress/">Debugging in WordPress</a> for more information. (This message was added in version 6.7.0.)', $error_level = *uninitialized*) C:\OSPanel\domains\mywp\wp-includes\functions.php:6084
[08-Aug-2026 11:51:36 UTC] PHP  14. trigger_error($message = 'Function _load_textdomain_just_in_time was called <strong>incorrectly</strong>. Translation loading for the <code>acf</code> domain was triggered too early. This is usually an indicator for some code in the plugin or theme running too early. Translations should be loaded at the <code>init</code> action or later. Please see <a href="https://developer.wordpress.org/advanced-administration/debug/debug-wordpress/">Debugging in WordPress</a> for more information. (This message was added in version 6.7.0.)', $error_level = 1024) C:\OSPanel\domains\mywp\wp-includes\functions.php:6170
[08-Aug-2026 11:53:36 UTC] PHP Notice:  Function _load_textdomain_just_in_time was called <strong>incorrectly</strong>. Translation loading for the <code>acf</code> domain was triggered too early. This is usually an indicator for some code in the plugin or theme running too early. Translations should be loaded at the <code>init</code> action or later. Please see <a href="https://developer.wordpress.org/advanced-administration/debug/debug-wordpress/">Debugging in WordPress</a> for more information. (This message was added in version 6.7.0.) in C:\OSPanel\domains\mywp\wp-includes\functions.php on line 6170
[08-Aug-2026 11:53:36 UTC] PHP Stack trace:
[08-Aug-2026 11:53:36 UTC] PHP   1. {main}() C:\OSPanel\domains\mywp\wp-admin\admin-ajax.php:0
[08-Aug-2026 11:53:36 UTC] PHP   2. require_once() C:\OSPanel\domains\mywp\wp-admin\admin-ajax.php:22
[08-Aug-2026 11:53:36 UTC] PHP   3. require_once() C:\OSPanel\domains\mywp\wp-load.php:50
[08-Aug-2026 11:53:36 UTC] PHP   4. require_once() C:\OSPanel\domains\mywp\wp-config.php:105
[08-Aug-2026 11:53:36 UTC] PHP   5. include_once() C:\OSPanel\domains\mywp\wp-settings.php:589
[08-Aug-2026 11:53:36 UTC] PHP   6. acf() C:\OSPanel\domains\mywp\wp-content\plugins\advanced-custom-fields-pro\acf.php:831
[08-Aug-2026 11:53:36 UTC] PHP   7. ACF->initialize() C:\OSPanel\domains\mywp\wp-content\plugins\advanced-custom-fields-pro\acf.php:825
[08-Aug-2026 11:53:36 UTC] PHP   8. __($text = 'Advanced Custom Fields', $domain = 'acf') C:\OSPanel\domains\mywp\wp-content\plugins\advanced-custom-fields-pro\acf.php:116
[08-Aug-2026 11:53:36 UTC] PHP   9. translate($text = 'Advanced Custom Fields', $domain = 'acf') C:\OSPanel\domains\mywp\wp-includes\l10n.php:307
[08-Aug-2026 11:53:36 UTC] PHP  10. get_translations_for_domain($domain = 'acf') C:\OSPanel\domains\mywp\wp-includes\l10n.php:195
[08-Aug-2026 11:53:36 UTC] PHP  11. _load_textdomain_just_in_time($domain = 'acf') C:\OSPanel\domains\mywp\wp-includes\l10n.php:1483
[08-Aug-2026 11:53:36 UTC] PHP  12. _doing_it_wrong($function_name = '_load_textdomain_just_in_time', $message = 'Translation loading for the <code>acf</code> domain was triggered too early. This is usually an indicator for some code in the plugin or theme running too early. Translations should be loaded at the <code>init</code> action or later.', $version = '6.7.0') C:\OSPanel\domains\mywp\wp-includes\l10n.php:1453
[08-Aug-2026 11:53:36 UTC] PHP  13. wp_trigger_error($function_name = '', $message = 'Function _load_textdomain_just_in_time was called <strong>incorrectly</strong>. Translation loading for the <code>acf</code> domain was triggered too early. This is usually an indicator for some code in the plugin or theme running too early. Translations should be loaded at the <code>init</code> action or later. Please see <a href="https://developer.wordpress.org/advanced-administration/debug/debug-wordpress/">Debugging in WordPress</a> for more information. (This message was added in version 6.7.0.)', $error_level = *uninitialized*) C:\OSPanel\domains\mywp\wp-includes\functions.php:6084
[08-Aug-2026 11:53:36 UTC] PHP  14. trigger_error($message = 'Function _load_textdomain_just_in_time was called <strong>incorrectly</strong>. Translation loading for the <code>acf</code> domain was triggered too early. This is usually an indicator for some code in the plugin or theme running too early. Translations should be loaded at the <code>init</code> action or later. Please see <a href="https://developer.wordpress.org/advanced-administration/debug/debug-wordpress/">Debugging in WordPress</a> for more information. (This message was added in version 6.7.0.)', $error_level = 1024) C:\OSPanel\domains\mywp\wp-includes\functions.php:6170
[08-Aug-2026 11:55:37 UTC] PHP Notice:  Function _load_textdomain_just_in_time was called <strong>incorrectly</strong>. Translation loading for the <code>acf</code> domain was triggered too early. This is usually an indicator for some code in the plugin or theme running too early. Translations should be loaded at the <code>init</code> action or later. Please see <a href="https://developer.wordpress.org/advanced-administration/debug/debug-wordpress/">Debugging in WordPress</a> for more information. (This message was added in version 6.7.0.) in C:\OSPanel\domains\mywp\wp-includes\functions.php on line 6170
[08-Aug-2026 11:55:37 UTC] PHP Stack trace:
[08-Aug-2026 11:55:37 UTC] PHP   1. {main}() C:\OSPanel\domains\mywp\wp-admin\admin-ajax.php:0
[08-Aug-2026 11:55:37 UTC] PHP   2. require_once() C:\OSPanel\domains\mywp\wp-admin\admin-ajax.php:22
[08-Aug-2026 11:55:37 UTC] PHP   3. require_once() C:\OSPanel\domains\mywp\wp-load.php:50
[08-Aug-2026 11:55:37 UTC] PHP   4. require_once() C:\OSPanel\domains\mywp\wp-config.php:105
[08-Aug-2026 11:55:37 UTC] PHP   5. include_once() C:\OSPanel\domains\mywp\wp-settings.php:589
[08-Aug-2026 11:55:37 UTC] PHP   6. acf() C:\OSPanel\domains\mywp\wp-content\plugins\advanced-custom-fields-pro\acf.php:831
[08-Aug-2026 11:55:37 UTC] PHP   7. ACF->initialize() C:\OSPanel\domains\mywp\wp-content\plugins\advanced-custom-fields-pro\acf.php:825
[08-Aug-2026 11:55:37 UTC] PHP   8. __($text = 'Advanced Custom Fields', $domain = 'acf') C:\OSPanel\domains\mywp\wp-content\plugins\advanced-custom-fields-pro\acf.php:116
[08-Aug-2026 11:55:37 UTC] PHP   9. translate($text = 'Advanced Custom Fields', $domain = 'acf') C:\OSPanel\domains\mywp\wp-includes\l10n.php:307
[08-Aug-2026 11:55:37 UTC] PHP  10. get_translations_for_domain($domain = 'acf') C:\OSPanel\domains\mywp\wp-includes\l10n.php:195
[08-Aug-2026 11:55:37 UTC] PHP  11. _load_textdomain_just_in_time($domain = 'acf') C:\OSPanel\domains\mywp\wp-includes\l10n.php:1483
[08-Aug-2026 11:55:37 UTC] PHP  12. _doing_it_wrong($function_name = '_load_textdomain_just_in_time', $message = 'Translation loading for the <code>acf</code> domain was triggered too early. This is usually an indicator for some code in the plugin or theme running too early. Translations should be loaded at the <code>init</code> action or later.', $version = '6.7.0') C:\OSPanel\domains\mywp\wp-includes\l10n.php:1453
[08-Aug-2026 11:55:37 UTC] PHP  13. wp_trigger_error($function_name = '', $message = 'Function _load_textdomain_just_in_time was called <strong>incorrectly</strong>. Translation loading for the <code>acf</code> domain was triggered too early. This is usually an indicator for some code in the plugin or theme running too early. Translations should be loaded at the <code>init</code> action or later. Please see <a href="https://developer.wordpress.org/advanced-administration/debug/debug-wordpress/">Debugging in WordPress</a> for more information. (This message was added in version 6.7.0.)', $error_level = *uninitialized*) C:\OSPanel\domains\mywp\wp-includes\functions.php:6084
[08-Aug-2026 11:55:37 UTC] PHP  14. trigger_error($message = 'Function _load_textdomain_just_in_time was called <strong>incorrectly</strong>. Translation loading for the <code>acf</code> domain was triggered too early. This is usually an indicator for some code in the plugin or theme running too early. Translations should be loaded at the <code>init</code> action or later. Please see <a href="https://developer.wordpress.org/advanced-administration/debug/debug-wordpress/">Debugging in WordPress</a> for more information. (This message was added in version 6.7.0.)', $error_level = 1024) C:\OSPanel\domains\mywp\wp-includes\functions.php:6170
[08-Aug-2026 11:55:39 UTC] PHP Notice:  Function _load_textdomain_just_in_time was called <strong>incorrectly</strong>. Translation loading for the <code>acf</code> domain was triggered too early. This is usually an indicator for some code in the plugin or theme running too early. Translations should be loaded at the <code>init</code> action or later. Please see <a href="https://developer.wordpress.org/advanced-administration/debug/debug-wordpress/">Debugging in WordPress</a> for more information. (This message was added in version 6.7.0.) in C:\OSPanel\domains\mywp\wp-includes\functions.php on line 6170
[08-Aug-2026 11:55:39 UTC] PHP Stack trace:
[08-Aug-2026 11:55:39 UTC] PHP   1. {main}() C:\OSPanel\domains\mywp\wp-cron.php:0
[08-Aug-2026 11:55:39 UTC] PHP   2. require_once() C:\OSPanel\domains\mywp\wp-cron.php:46
[08-Aug-2026 11:55:39 UTC] PHP   3. require_once() C:\OSPanel\domains\mywp\wp-load.php:50
[08-Aug-2026 11:55:39 UTC] PHP   4. require_once() C:\OSPanel\domains\mywp\wp-config.php:105
[08-Aug-2026 11:55:39 UTC] PHP   5. include_once() C:\OSPanel\domains\mywp\wp-settings.php:589
[08-Aug-2026 11:55:39 UTC] PHP   6. acf() C:\OSPanel\domains\mywp\wp-content\plugins\advanced-custom-fields-pro\acf.php:831
[08-Aug-2026 11:55:39 UTC] PHP   7. ACF->initialize() C:\OSPanel\domains\mywp\wp-content\plugins\advanced-custom-fields-pro\acf.php:825
[08-Aug-2026 11:55:39 UTC] PHP   8. __($text = 'Advanced Custom Fields', $domain = 'acf') C:\OSPanel\domains\mywp\wp-content\plugins\advanced-custom-fields-pro\acf.php:116
[08-Aug-2026 11:55:39 UTC] PHP   9. translate($text = 'Advanced Custom Fields', $domain = 'acf') C:\OSPanel\domains\mywp\wp-includes\l10n.php:307
[08-Aug-2026 11:55:39 UTC] PHP  10. get_translations_for_domain($domain = 'acf') C:\OSPanel\domains\mywp\wp-includes\l10n.php:195
[08-Aug-2026 11:55:39 UTC] PHP  11. _load_textdomain_just_in_time($domain = 'acf') C:\OSPanel\domains\mywp\wp-includes\l10n.php:1483
[08-Aug-2026 11:55:39 UTC] PHP  12. _doing_it_wrong($function_name = '_load_textdomain_just_in_time', $message = 'Translation loading for the <code>acf</code> domain was triggered too early. This is usually an indicator for some code in the plugin or theme running too early. Translations should be loaded at the <code>init</code> action or later.', $version = '6.7.0') C:\OSPanel\domains\mywp\wp-includes\l10n.php:1453
[08-Aug-2026 11:55:39 UTC] PHP  13. wp_trigger_error($function_name = '', $message = 'Function _load_textdomain_just_in_time was called <strong>incorrectly</strong>. Translation loading for the <code>acf</code> domain was triggered too early. This is usually an indicator for some code in the plugin or theme running too early. Translations should be loaded at the <code>init</code> action or later. Please see <a href="https://developer.wordpress.org/advanced-administration/debug/debug-wordpress/">Debugging in WordPress</a> for more information. (This message was added in version 6.7.0.)', $error_level = *uninitialized*) C:\OSPanel\domains\mywp\wp-includes\functions.php:6084
[08-Aug-2026 11:55:39 UTC] PHP  14. trigger_error($message = 'Function _load_textdomain_just_in_time was called <strong>incorrectly</strong>. Translation loading for the <code>acf</code> domain was triggered too early. This is usually an indicator for some code in the plugin or theme running too early. Translations should be loaded at the <code>init</code> action or later. Please see <a href="https://developer.wordpress.org/advanced-administration/debug/debug-wordpress/">Debugging in WordPress</a> for more information. (This message was added in version 6.7.0.)', $error_level = 1024) C:\OSPanel\domains\mywp\wp-includes\functions.php:6170
[08-Aug-2026 11:55:41 UTC] PHP Notice:  Function _load_textdomain_just_in_time was called <strong>incorrectly</strong>. Translation loading for the <code>acf</code> domain was triggered too early. This is usually an indicator for some code in the plugin or theme running too early. Translations should be loaded at the <code>init</code> action or later. Please see <a href="https://developer.wordpress.org/advanced-administration/debug/debug-wordpress/">Debugging in WordPress</a> for more information. (This message was added in version 6.7.0.) in C:\OSPanel\domains\mywp\wp-includes\functions.php on line 6170
[08-Aug-2026 11:55:41 UTC] PHP Stack trace:
[08-Aug-2026 11:55:41 UTC] PHP   1. {main}() C:\OSPanel\domains\mywp\index.php:0
[08-Aug-2026 11:55:41 UTC] PHP   2. require() C:\OSPanel\domains\mywp\index.php:17
[08-Aug-2026 11:55:41 UTC] PHP   3. require_once() C:\OSPanel\domains\mywp\wp-blog-header.php:13
[08-Aug-2026 11:55:41 UTC] PHP   4. require_once() C:\OSPanel\domains\mywp\wp-load.php:50
[08-Aug-2026 11:55:41 UTC] PHP   5. require_once() C:\OSPanel\domains\mywp\wp-config.php:105
[08-Aug-2026 11:55:41 UTC] PHP   6. include_once() C:\OSPanel\domains\mywp\wp-settings.php:589
[08-Aug-2026 11:55:41 UTC] PHP   7. acf() C:\OSPanel\domains\mywp\wp-content\plugins\advanced-custom-fields-pro\acf.php:831
[08-Aug-2026 11:55:41 UTC] PHP   8. ACF->initialize() C:\OSPanel\domains\mywp\wp-content\plugins\advanced-custom-fields-pro\acf.php:825
[08-Aug-2026 11:55:41 UTC] PHP   9. __($text = 'Advanced Custom Fields', $domain = 'acf') C:\OSPanel\domains\mywp\wp-content\plugins\advanced-custom-fields-pro\acf.php:116
[08-Aug-2026 11:55:41 UTC] PHP  10. translate($text = 'Advanced Custom Fields', $domain = 'acf') C:\OSPanel\domains\mywp\wp-includes\l10n.php:307
[08-Aug-2026 11:55:41 UTC] PHP  11. get_translations_for_domain($domain = 'acf') C:\OSPanel\domains\mywp\wp-includes\l10n.php:195
[08-Aug-2026 11:55:41 UTC] PHP  12. _load_textdomain_just_in_time($domain = 'acf') C:\OSPanel\domains\mywp\wp-includes\l10n.php:1483
[08-Aug-2026 11:55:41 UTC] PHP  13. _doing_it_wrong($function_name = '_load_textdomain_just_in_time', $message = 'Translation loading for the <code>acf</code> domain was triggered too early. This is usually an indicator for some code in the plugin or theme running too early. Translations should be loaded at the <code>init</code> action or later.', $version = '6.7.0') C:\OSPanel\domains\mywp\wp-includes\l10n.php:1453
[08-Aug-2026 11:55:41 UTC] PHP  14. wp_trigger_error($function_name = '', $message = 'Function _load_textdomain_just_in_time was called <strong>incorrectly</strong>. Translation loading for the <code>acf</code> domain was triggered too early. This is usually an indicator for some code in the plugin or theme running too early. Translations should be loaded at the <code>init</code> action or later. Please see <a href="https://developer.wordpress.org/advanced-administration/debug/debug-wordpress/">Debugging in WordPress</a> for more information. (This message was added in version 6.7.0.)', $error_level = *uninitialized*) C:\OSPanel\domains\mywp\wp-includes\functions.php:6084
[08-Aug-2026 11:55:41 UTC] PHP  15. trigger_error($message = 'Function _load_textdomain_just_in_time was called <strong>incorrectly</strong>. Translation loading for the <code>acf</code> domain was triggered too early. This is usually an indicator for some code in the plugin or theme running too early. Translations should be loaded at the <code>init</code> action or later. Please see <a href="https://developer.wordpress.org/advanced-administration/debug/debug-wordpress/">Debugging in WordPress</a> for more information. (This message was added in version 6.7.0.)', $error_level = 1024) C:\OSPanel\domains\mywp\wp-includes\functions.php:6170
[08-Aug-2026 11:55:43 UTC] PHP Notice:  Function _load_textdomain_just_in_time was called <strong>incorrectly</strong>. Translation loading for the <code>acf</code> domain was triggered too early. This is usually an indicator for some code in the plugin or theme running too early. Translations should be loaded at the <code>init</code> action or later. Please see <a href="https://developer.wordpress.org/advanced-administration/debug/debug-wordpress/">Debugging in WordPress</a> for more information. (This message was added in version 6.7.0.) in C:\OSPanel\domains\mywp\wp-includes\functions.php on line 6170
[08-Aug-2026 11:55:43 UTC] PHP Stack trace:
[08-Aug-2026 11:55:43 UTC] PHP   1. {main}() C:\OSPanel\domains\mywp\index.php:0
[08-Aug-2026 11:55:43 UTC] PHP   2. require() C:\OSPanel\domains\mywp\index.php:17
[08-Aug-2026 11:55:43 UTC] PHP   3. require_once() C:\OSPanel\domains\mywp\wp-blog-header.php:13
[08-Aug-2026 11:55:43 UTC] PHP   4. require_once() C:\OSPanel\domains\mywp\wp-load.php:50
[08-Aug-2026 11:55:43 UTC] PHP   5. require_once() C:\OSPanel\domains\mywp\wp-config.php:105
[08-Aug-2026 11:55:43 UTC] PHP   6. include_once() C:\OSPanel\domains\mywp\wp-settings.php:589
[08-Aug-2026 11:55:43 UTC] PHP   7. acf() C:\OSPanel\domains\mywp\wp-content\plugins\advanced-custom-fields-pro\acf.php:831
[08-Aug-2026 11:55:43 UTC] PHP   8. ACF->initialize() C:\OSPanel\domains\mywp\wp-content\plugins\advanced-custom-fields-pro\acf.php:825
[08-Aug-2026 11:55:43 UTC] PHP   9. __($text = 'Advanced Custom Fields', $domain = 'acf') C:\OSPanel\domains\mywp\wp-content\plugins\advanced-custom-fields-pro\acf.php:116
[08-Aug-2026 11:55:43 UTC] PHP  10. translate($text = 'Advanced Custom Fields', $domain = 'acf') C:\OSPanel\domains\mywp\wp-includes\l10n.php:307
[08-Aug-2026 11:55:43 UTC] PHP  11. get_translations_for_domain($domain = 'acf') C:\OSPanel\domains\mywp\wp-includes\l10n.php:195
[08-Aug-2026 11:55:43 UTC] PHP  12. _load_textdomain_just_in_time($domain = 'acf') C:\OSPanel\domains\mywp\wp-includes\l10n.php:1483
[08-Aug-2026 11:55:43 UTC] PHP  13. _doing_it_wrong($function_name = '_load_textdomain_just_in_time', $message = 'Translation loading for the <code>acf</code> domain was triggered too early. This is usually an indicator for some code in the plugin or theme running too early. Translations should be loaded at the <code>init</code> action or later.', $version = '6.7.0') C:\OSPanel\domains\mywp\wp-includes\l10n.php:1453
[08-Aug-2026 11:55:43 UTC] PHP  14. wp_trigger_error($function_name = '', $message = 'Function _load_textdomain_just_in_time was called <strong>incorrectly</strong>. Translation loading for the <code>acf</code> domain was triggered too early. This is usually an indicator for some code in the plugin or theme running too early. Translations should be loaded at the <code>init</code> action or later. Please see <a href="https://developer.wordpress.org/advanced-administration/debug/debug-wordpress/">Debugging in WordPress</a> for more information. (This message was added in version 6.7.0.)', $error_level = *uninitialized*) C:\OSPanel\domains\mywp\wp-includes\functions.php:6084
[08-Aug-2026 11:55:43 UTC] PHP  15. trigger_error($message = 'Function _load_textdomain_just_in_time was called <strong>incorrectly</strong>. Translation loading for the <code>acf</code> domain was triggered too early. This is usually an indicator for some code in the plugin or theme running too early. Translations should be loaded at the <code>init</code> action or later. Please see <a href="https://developer.wordpress.org/advanced-administration/debug/debug-wordpress/">Debugging in WordPress</a> for more information. (This message was added in version 6.7.0.)', $error_level = 1024) C:\OSPanel\domains\mywp\wp-includes\functions.php:6170
[08-Aug-2026 11:55:46 UTC] PHP Notice:  Function _load_textdomain_just_in_time was called <strong>incorrectly</strong>. Translation loading for the <code>acf</code> domain was triggered too early. This is usually an indicator for some code in the plugin or theme running too early. Translations should be loaded at the <code>init</code> action or later. Please see <a href="https://developer.wordpress.org/advanced-administration/debug/debug-wordpress/">Debugging in WordPress</a> for more information. (This message was added in version 6.7.0.) in C:\OSPanel\domains\mywp\wp-includes\functions.php on line 6170
[08-Aug-2026 11:55:46 UTC] PHP Stack trace:
[08-Aug-2026 11:55:46 UTC] PHP   1. {main}() C:\OSPanel\domains\mywp\index.php:0
[08-Aug-2026 11:55:46 UTC] PHP   2. require() C:\OSPanel\domains\mywp\index.php:17
[08-Aug-2026 11:55:46 UTC] PHP   3. require_once() C:\OSPanel\domains\mywp\wp-blog-header.php:13
[08-Aug-2026 11:55:46 UTC] PHP   4. require_once() C:\OSPanel\domains\mywp\wp-load.php:50
[08-Aug-2026 11:55:46 UTC] PHP   5. require_once() C:\OSPanel\domains\mywp\wp-config.php:105
[08-Aug-2026 11:55:46 UTC] PHP   6. include_once() C:\OSPanel\domains\mywp\wp-settings.php:589
[08-Aug-2026 11:55:46 UTC] PHP   7. acf() C:\OSPanel\domains\mywp\wp-content\plugins\advanced-custom-fields-pro\acf.php:831
[08-Aug-2026 11:55:46 UTC] PHP   8. ACF->initialize() C:\OSPanel\domains\mywp\wp-content\plugins\advanced-custom-fields-pro\acf.php:825
[08-Aug-2026 11:55:46 UTC] PHP   9. __($text = 'Advanced Custom Fields', $domain = 'acf') C:\OSPanel\domains\mywp\wp-content\plugins\advanced-custom-fields-pro\acf.php:116
[08-Aug-2026 11:55:46 UTC] PHP  10. translate($text = 'Advanced Custom Fields', $domain = 'acf') C:\OSPanel\domains\mywp\wp-includes\l10n.php:307
[08-Aug-2026 11:55:46 UTC] PHP  11. get_translations_for_domain($domain = 'acf') C:\OSPanel\domains\mywp\wp-includes\l10n.php:195
[08-Aug-2026 11:55:46 UTC] PHP  12. _load_textdomain_just_in_time($domain = 'acf') C:\OSPanel\domains\mywp\wp-includes\l10n.php:1483
[08-Aug-2026 11:55:46 UTC] PHP  13. _doing_it_wrong($function_name = '_load_textdomain_just_in_time', $message = 'Translation loading for the <code>acf</code> domain was triggered too early. This is usually an indicator for some code in the plugin or theme running too early. Translations should be loaded at the <code>init</code> action or later.', $version = '6.7.0') C:\OSPanel\domains\mywp\wp-includes\l10n.php:1453
[08-Aug-2026 11:55:46 UTC] PHP  14. wp_trigger_error($function_name = '', $message = 'Function _load_textdomain_just_in_time was called <strong>incorrectly</strong>. Translation loading for the <code>acf</code> domain was triggered too early. This is usually an indicator for some code in the plugin or theme running too early. Translations should be loaded at the <code>init</code> action or later. Please see <a href="https://developer.wordpress.org/advanced-administration/debug/debug-wordpress/">Debugging in WordPress</a> for more information. (This message was added in version 6.7.0.)', $error_level = *uninitialized*) C:\OSPanel\domains\mywp\wp-includes\functions.php:6084
[08-Aug-2026 11:55:46 UTC] PHP  15. trigger_error($message = 'Function _load_textdomain_just_in_time was called <strong>incorrectly</strong>. Translation loading for the <code>acf</code> domain was triggered too early. This is usually an indicator for some code in the plugin or theme running too early. Translations should be loaded at the <code>init</code> action or later. Please see <a href="https://developer.wordpress.org/advanced-administration/debug/debug-wordpress/">Debugging in WordPress</a> for more information. (This message was added in version 6.7.0.)', $error_level = 1024) C:\OSPanel\domains\mywp\wp-includes\functions.php:6170
[08-Aug-2026 11:55:48 UTC] PHP Notice:  Function _load_textdomain_just_in_time was called <strong>incorrectly</strong>. Translation loading for the <code>acf</code> domain was triggered too early. This is usually an indicator for some code in the plugin or theme running too early. Translations should be loaded at the <code>init</code> action or later. Please see <a href="https://developer.wordpress.org/advanced-administration/debug/debug-wordpress/">Debugging in WordPress</a> for more information. (This message was added in version 6.7.0.) in C:\OSPanel\domains\mywp\wp-includes\functions.php on line 6170
[08-Aug-2026 11:55:48 UTC] PHP Stack trace:
[08-Aug-2026 11:55:48 UTC] PHP   1. {main}() C:\OSPanel\domains\mywp\index.php:0
[08-Aug-2026 11:55:48 UTC] PHP   2. require() C:\OSPanel\domains\mywp\index.php:17
[08-Aug-2026 11:55:48 UTC] PHP   3. require_once() C:\OSPanel\domains\mywp\wp-blog-header.php:13
[08-Aug-2026 11:55:48 UTC] PHP   4. require_once() C:\OSPanel\domains\mywp\wp-load.php:50
[08-Aug-2026 11:55:48 UTC] PHP   5. require_once() C:\OSPanel\domains\mywp\wp-config.php:105
[08-Aug-2026 11:55:48 UTC] PHP   6. include_once() C:\OSPanel\domains\mywp\wp-settings.php:589
[08-Aug-2026 11:55:48 UTC] PHP   7. acf() C:\OSPanel\domains\mywp\wp-content\plugins\advanced-custom-fields-pro\acf.php:831
[08-Aug-2026 11:55:48 UTC] PHP   8. ACF->initialize() C:\OSPanel\domains\mywp\wp-content\plugins\advanced-custom-fields-pro\acf.php:825
[08-Aug-2026 11:55:48 UTC] PHP   9. __($text = 'Advanced Custom Fields', $domain = 'acf') C:\OSPanel\domains\mywp\wp-content\plugins\advanced-custom-fields-pro\acf.php:116
[08-Aug-2026 11:55:48 UTC] PHP  10. translate($text = 'Advanced Custom Fields', $domain = 'acf') C:\OSPanel\domains\mywp\wp-includes\l10n.php:307
[08-Aug-2026 11:55:48 UTC] PHP  11. get_translations_for_domain($domain = 'acf') C:\OSPanel\domains\mywp\wp-includes\l10n.php:195
[08-Aug-2026 11:55:48 UTC] PHP  12. _load_textdomain_just_in_time($domain = 'acf') C:\OSPanel\domains\mywp\wp-includes\l10n.php:1483
[08-Aug-2026 11:55:48 UTC] PHP  13. _doing_it_wrong($function_name = '_load_textdomain_just_in_time', $message = 'Translation loading for the <code>acf</code> domain was triggered too early. This is usually an indicator for some code in the plugin or theme running too early. Translations should be loaded at the <code>init</code> action or later.', $version = '6.7.0') C:\OSPanel\domains\mywp\wp-includes\l10n.php:1453
[08-Aug-2026 11:55:48 UTC] PHP  14. wp_trigger_error($function_name = '', $message = 'Function _load_textdomain_just_in_time was called <strong>incorrectly</strong>. Translation loading for the <code>acf</code> domain was triggered too early. This is usually an indicator for some code in the plugin or theme running too early. Translations should be loaded at the <code>init</code> action or later. Please see <a href="https://developer.wordpress.org/advanced-administration/debug/debug-wordpress/">Debugging in WordPress</a> for more information. (This message was added in version 6.7.0.)', $error_level = *uninitialized*) C:\OSPanel\domains\mywp\wp-includes\functions.php:6084
[08-Aug-2026 11:55:48 UTC] PHP  15. trigger_error($message = 'Function _load_textdomain_just_in_time was called <strong>incorrectly</strong>. Translation loading for the <code>acf</code> domain was triggered too early. This is usually an indicator for some code in the plugin or theme running too early. Translations should be loaded at the <code>init</code> action or later. Please see <a href="https://developer.wordpress.org/advanced-administration/debug/debug-wordpress/">Debugging in WordPress</a> for more information. (This message was added in version 6.7.0.)', $error_level = 1024) C:\OSPanel\domains\mywp\wp-includes\functions.php:6170
[08-Aug-2026 11:57:38 UTC] PHP Notice:  Function _load_textdomain_just_in_time was called <strong>incorrectly</strong>. Translation loading for the <code>acf</code> domain was triggered too early. This is usually an indicator for some code in the plugin or theme running too early. Translations should be loaded at the <code>init</code> action or later. Please see <a href="https://developer.wordpress.org/advanced-administration/debug/debug-wordpress/">Debugging in WordPress</a> for more information. (This message was added in version 6.7.0.) in C:\OSPanel\domains\mywp\wp-includes\functions.php on line 6170
[08-Aug-2026 11:57:38 UTC] PHP Stack trace:
[08-Aug-2026 11:57:38 UTC] PHP   1. {main}() C:\OSPanel\domains\mywp\wp-admin\admin-ajax.php:0
[08-Aug-2026 11:57:38 UTC] PHP   2. require_once() C:\OSPanel\domains\mywp\wp-admin\admin-ajax.php:22
[08-Aug-2026 11:57:38 UTC] PHP   3. require_once() C:\OSPanel\domains\mywp\wp-load.php:50
[08-Aug-2026 11:57:38 UTC] PHP   4. require_once() C:\OSPanel\domains\mywp\wp-config.php:105
[08-Aug-2026 11:57:38 UTC] PHP   5. include_once() C:\OSPanel\domains\mywp\wp-settings.php:589
[08-Aug-2026 11:57:38 UTC] PHP   6. acf() C:\OSPanel\domains\mywp\wp-content\plugins\advanced-custom-fields-pro\acf.php:831
[08-Aug-2026 11:57:38 UTC] PHP   7. ACF->initialize() C:\OSPanel\domains\mywp\wp-content\plugins\advanced-custom-fields-pro\acf.php:825
[08-Aug-2026 11:57:38 UTC] PHP   8. __($text = 'Advanced Custom Fields', $domain = 'acf') C:\OSPanel\domains\mywp\wp-content\plugins\advanced-custom-fields-pro\acf.php:116
[08-Aug-2026 11:57:38 UTC] PHP   9. translate($text = 'Advanced Custom Fields', $domain = 'acf') C:\OSPanel\domains\mywp\wp-includes\l10n.php:307
[08-Aug-2026 11:57:38 UTC] PHP  10. get_translations_for_domain($domain = 'acf') C:\OSPanel\domains\mywp\wp-includes\l10n.php:195
[08-Aug-2026 11:57:38 UTC] PHP  11. _load_textdomain_just_in_time($domain = 'acf') C:\OSPanel\domains\mywp\wp-includes\l10n.php:1483
[08-Aug-2026 11:57:38 UTC] PHP  12. _doing_it_wrong($function_name = '_load_textdomain_just_in_time', $message = 'Translation loading for the <code>acf</code> domain was triggered too early. This is usually an indicator for some code in the plugin or theme running too early. Translations should be loaded at the <code>init</code> action or later.', $version = '6.7.0') C:\OSPanel\domains\mywp\wp-includes\l10n.php:1453
[08-Aug-2026 11:57:38 UTC] PHP  13. wp_trigger_error($function_name = '', $message = 'Function _load_textdomain_just_in_time was called <strong>incorrectly</strong>. Translation loading for the <code>acf</code> domain was triggered too early. This is usually an indicator for some code in the plugin or theme running too early. Translations should be loaded at the <code>init</code> action or later. Please see <a href="https://developer.wordpress.org/advanced-administration/debug/debug-wordpress/">Debugging in WordPress</a> for more information. (This message was added in version 6.7.0.)', $error_level = *uninitialized*) C:\OSPanel\domains\mywp\wp-includes\functions.php:6084
[08-Aug-2026 11:57:38 UTC] PHP  14. trigger_error($message = 'Function _load_textdomain_just_in_time was called <strong>incorrectly</strong>. Translation loading for the <code>acf</code> domain was triggered too early. This is usually an indicator for some code in the plugin or theme running too early. Translations should be loaded at the <code>init</code> action or later. Please see <a href="https://developer.wordpress.org/advanced-administration/debug/debug-wordpress/">Debugging in WordPress</a> for more information. (This message was added in version 6.7.0.)', $error_level = 1024) C:\OSPanel\domains\mywp\wp-includes\functions.php:6170
[08-Aug-2026 11:59:38 UTC] PHP Notice:  Function _load_textdomain_just_in_time was called <strong>incorrectly</strong>. Translation loading for the <code>acf</code> domain was triggered too early. This is usually an indicator for some code in the plugin or theme running too early. Translations should be loaded at the <code>init</code> action or later. Please see <a href="https://developer.wordpress.org/advanced-administration/debug/debug-wordpress/">Debugging in WordPress</a> for more information. (This message was added in version 6.7.0.) in C:\OSPanel\domains\mywp\wp-includes\functions.php on line 6170
[08-Aug-2026 11:59:38 UTC] PHP Stack trace:
[08-Aug-2026 11:59:38 UTC] PHP   1. {main}() C:\OSPanel\domains\mywp\wp-admin\admin-ajax.php:0
[08-Aug-2026 11:59:38 UTC] PHP   2. require_once() C:\OSPanel\domains\mywp\wp-admin\admin-ajax.php:22
[08-Aug-2026 11:59:38 UTC] PHP   3. require_once() C:\OSPanel\domains\mywp\wp-load.php:50
[08-Aug-2026 11:59:38 UTC] PHP   4. require_once() C:\OSPanel\domains\mywp\wp-config.php:105
[08-Aug-2026 11:59:38 UTC] PHP   5. include_once() C:\OSPanel\domains\mywp\wp-settings.php:589
[08-Aug-2026 11:59:38 UTC] PHP   6. acf() C:\OSPanel\domains\mywp\wp-content\plugins\advanced-custom-fields-pro\acf.php:831
[08-Aug-2026 11:59:38 UTC] PHP   7. ACF->initialize() C:\OSPanel\domains\mywp\wp-content\plugins\advanced-custom-fields-pro\acf.php:825
[08-Aug-2026 11:59:38 UTC] PHP   8. __($text = 'Advanced Custom Fields', $domain = 'acf') C:\OSPanel\domains\mywp\wp-content\plugins\advanced-custom-fields-pro\acf.php:116
[08-Aug-2026 11:59:38 UTC] PHP   9. translate($text = 'Advanced Custom Fields', $domain = 'acf') C:\OSPanel\domains\mywp\wp-includes\l10n.php:307
[08-Aug-2026 11:59:38 UTC] PHP  10. get_translations_for_domain($domain = 'acf') C:\OSPanel\domains\mywp\wp-includes\l10n.php:195
[08-Aug-2026 11:59:38 UTC] PHP  11. _load_textdomain_just_in_time($domain = 'acf') C:\OSPanel\domains\mywp\wp-includes\l10n.php:1483
[08-Aug-2026 11:59:38 UTC] PHP  12. _doing_it_wrong($function_name = '_load_textdomain_just_in_time', $message = 'Translation loading for the <code>acf</code> domain was triggered too early. This is usually an indicator for some code in the plugin or theme running too early. Translations should be loaded at the <code>init</code> action or later.', $version = '6.7.0') C:\OSPanel\domains\mywp\wp-includes\l10n.php:1453
[08-Aug-2026 11:59:38 UTC] PHP  13. wp_trigger_error($function_name = '', $message = 'Function _load_textdomain_just_in_time was called <strong>incorrectly</strong>. Translation loading for the <code>acf</code> domain was triggered too early. This is usually an indicator for some code in the plugin or theme running too early. Translations should be loaded at the <code>init</code> action or later. Please see <a href="https://developer.wordpress.org/advanced-administration/debug/debug-wordpress/">Debugging in WordPress</a> for more information. (This message was added in version 6.7.0.)', $error_level = *uninitialized*) C:\OSPanel\domains\mywp\wp-includes\functions.php:6084
[08-Aug-2026 11:59:38 UTC] PHP  14. trigger_error($message = 'Function _load_textdomain_just_in_time was called <strong>incorrectly</strong>. Translation loading for the <code>acf</code> domain was triggered too early. This is usually an indicator for some code in the plugin or theme running too early. Translations should be loaded at the <code>init</code> action or later. Please see <a href="https://developer.wordpress.org/advanced-administration/debug/debug-wordpress/">Debugging in WordPress</a> for more information. (This message was added in version 6.7.0.)', $error_level = 1024) C:\OSPanel\domains\mywp\wp-includes\functions.php:6170
[08-Aug-2026 11:59:40 UTC] PHP Notice:  Function _load_textdomain_just_in_time was called <strong>incorrectly</strong>. Translation loading for the <code>acf</code> domain was triggered too early. This is usually an indicator for some code in the plugin or theme running too early. Translations should be loaded at the <code>init</code> action or later. Please see <a href="https://developer.wordpress.org/advanced-administration/debug/debug-wordpress/">Debugging in WordPress</a> for more information. (This message was added in version 6.7.0.) in C:\OSPanel\domains\mywp\wp-includes\functions.php on line 6170
[08-Aug-2026 11:59:40 UTC] PHP Stack trace:
[08-Aug-2026 11:59:40 UTC] PHP   1. {main}() C:\OSPanel\domains\mywp\wp-cron.php:0
[08-Aug-2026 11:59:40 UTC] PHP   2. require_once() C:\OSPanel\domains\mywp\wp-cron.php:46
[08-Aug-2026 11:59:40 UTC] PHP   3. require_once() C:\OSPanel\domains\mywp\wp-load.php:50
[08-Aug-2026 11:59:40 UTC] PHP   4. require_once() C:\OSPanel\domains\mywp\wp-config.php:105
[08-Aug-2026 11:59:40 UTC] PHP   5. include_once() C:\OSPanel\domains\mywp\wp-settings.php:589
[08-Aug-2026 11:59:40 UTC] PHP   6. acf() C:\OSPanel\domains\mywp\wp-content\plugins\advanced-custom-fields-pro\acf.php:831
[08-Aug-2026 11:59:40 UTC] PHP   7. ACF->initialize() C:\OSPanel\domains\mywp\wp-content\plugins\advanced-custom-fields-pro\acf.php:825
[08-Aug-2026 11:59:40 UTC] PHP   8. __($text = 'Advanced Custom Fields', $domain = 'acf') C:\OSPanel\domains\mywp\wp-content\plugins\advanced-custom-fields-pro\acf.php:116
[08-Aug-2026 11:59:40 UTC] PHP   9. translate($text = 'Advanced Custom Fields', $domain = 'acf') C:\OSPanel\domains\mywp\wp-includes\l10n.php:307
[08-Aug-2026 11:59:40 UTC] PHP  10. get_translations_for_domain($domain = 'acf') C:\OSPanel\domains\mywp\wp-includes\l10n.php:195
[08-Aug-2026 11:59:40 UTC] PHP  11. _load_textdomain_just_in_time($domain = 'acf') C:\OSPanel\domains\mywp\wp-includes\l10n.php:1483
[08-Aug-2026 11:59:40 UTC] PHP  12. _doing_it_wrong($function_name = '_load_textdomain_just_in_time', $message = 'Translation loading for the <code>acf</code> domain was triggered too early. This is usually an indicator for some code in the plugin or theme running too early. Translations should be loaded at the <code>init</code> action or later.', $version = '6.7.0') C:\OSPanel\domains\mywp\wp-includes\l10n.php:1453
[08-Aug-2026 11:59:40 UTC] PHP  13. wp_trigger_error($function_name = '', $message = 'Function _load_textdomain_just_in_time was called <strong>incorrectly</strong>. Translation loading for the <code>acf</code> domain was triggered too early. This is usually an indicator for some code in the plugin or theme running too early. Translations should be loaded at the <code>init</code> action or later. Please see <a href="https://developer.wordpress.org/advanced-administration/debug/debug-wordpress/">Debugging in WordPress</a> for more information. (This message was added in version 6.7.0.)', $error_level = *uninitialized*) C:\OSPanel\domains\mywp\wp-includes\functions.php:6084
[08-Aug-2026 11:59:40 UTC] PHP  14. trigger_error($message = 'Function _load_textdomain_just_in_time was called <strong>incorrectly</strong>. Translation loading for the <code>acf</code> domain was triggered too early. This is usually an indicator for some code in the plugin or theme running too early. Translations should be loaded at the <code>init</code> action or later. Please see <a href="https://developer.wordpress.org/advanced-administration/debug/debug-wordpress/">Debugging in WordPress</a> for more information. (This message was added in version 6.7.0.)', $error_level = 1024) C:\OSPanel\domains\mywp\wp-includes\functions.php:6170
[08-Aug-2026 11:59:42 UTC] PHP Notice:  Function _load_textdomain_just_in_time was called <strong>incorrectly</strong>. Translation loading for the <code>acf</code> domain was triggered too early. This is usually an indicator for some code in the plugin or theme running too early. Translations should be loaded at the <code>init</code> action or later. Please see <a href="https://developer.wordpress.org/advanced-administration/debug/debug-wordpress/">Debugging in WordPress</a> for more information. (This message was added in version 6.7.0.) in C:\OSPanel\domains\mywp\wp-includes\functions.php on line 6170
[08-Aug-2026 11:59:42 UTC] PHP Stack trace:
[08-Aug-2026 11:59:42 UTC] PHP   1. {main}() C:\OSPanel\domains\mywp\index.php:0
[08-Aug-2026 11:59:42 UTC] PHP   2. require() C:\OSPanel\domains\mywp\index.php:17
[08-Aug-2026 11:59:42 UTC] PHP   3. require_once() C:\OSPanel\domains\mywp\wp-blog-header.php:13
[08-Aug-2026 11:59:42 UTC] PHP   4. require_once() C:\OSPanel\domains\mywp\wp-load.php:50
[08-Aug-2026 11:59:42 UTC] PHP   5. require_once() C:\OSPanel\domains\mywp\wp-config.php:105
[08-Aug-2026 11:59:42 UTC] PHP   6. include_once() C:\OSPanel\domains\mywp\wp-settings.php:589
[08-Aug-2026 11:59:42 UTC] PHP   7. acf() C:\OSPanel\domains\mywp\wp-content\plugins\advanced-custom-fields-pro\acf.php:831
[08-Aug-2026 11:59:42 UTC] PHP   8. ACF->initialize() C:\OSPanel\domains\mywp\wp-content\plugins\advanced-custom-fields-pro\acf.php:825
[08-Aug-2026 11:59:42 UTC] PHP   9. __($text = 'Advanced Custom Fields', $domain = 'acf') C:\OSPanel\domains\mywp\wp-content\plugins\advanced-custom-fields-pro\acf.php:116
[08-Aug-2026 11:59:42 UTC] PHP  10. translate($text = 'Advanced Custom Fields', $domain = 'acf') C:\OSPanel\domains\mywp\wp-includes\l10n.php:307
[08-Aug-2026 11:59:42 UTC] PHP  11. get_translations_for_domain($domain = 'acf') C:\OSPanel\domains\mywp\wp-includes\l10n.php:195
[08-Aug-2026 11:59:42 UTC] PHP  12. _load_textdomain_just_in_time($domain = 'acf') C:\OSPanel\domains\mywp\wp-includes\l10n.php:1483
[08-Aug-2026 11:59:42 UTC] PHP  13. _doing_it_wrong($function_name = '_load_textdomain_just_in_time', $message = 'Translation loading for the <code>acf</code> domain was triggered too early. This is usually an indicator for some code in the plugin or theme running too early. Translations should be loaded at the <code>init</code> action or later.', $version = '6.7.0') C:\OSPanel\domains\mywp\wp-includes\l10n.php:1453
[08-Aug-2026 11:59:42 UTC] PHP  14. wp_trigger_error($function_name = '', $message = 'Function _load_textdomain_just_in_time was called <strong>incorrectly</strong>. Translation loading for the <code>acf</code> domain was triggered too early. This is usually an indicator for some code in the plugin or theme running too early. Translations should be loaded at the <code>init</code> action or later. Please see <a href="https://developer.wordpress.org/advanced-administration/debug/debug-wordpress/">Debugging in WordPress</a> for more information. (This message was added in version 6.7.0.)', $error_level = *uninitialized*) C:\OSPanel\domains\mywp\wp-includes\functions.php:6084
[08-Aug-2026 11:59:42 UTC] PHP  15. trigger_error($message = 'Function _load_textdomain_just_in_time was called <strong>incorrectly</strong>. Translation loading for the <code>acf</code> domain was triggered too early. This is usually an indicator for some code in the plugin or theme running too early. Translations should be loaded at the <code>init</code> action or later. Please see <a href="https://developer.wordpress.org/advanced-administration/debug/debug-wordpress/">Debugging in WordPress</a> for more information. (This message was added in version 6.7.0.)', $error_level = 1024) C:\OSPanel\domains\mywp\wp-includes\functions.php:6170
[08-Aug-2026 11:59:46 UTC] PHP Notice:  Function _load_textdomain_just_in_time was called <strong>incorrectly</strong>. Translation loading for the <code>acf</code> domain was triggered too early. This is usually an indicator for some code in the plugin or theme running too early. Translations should be loaded at the <code>init</code> action or later. Please see <a href="https://developer.wordpress.org/advanced-administration/debug/debug-wordpress/">Debugging in WordPress</a> for more information. (This message was added in version 6.7.0.) in C:\OSPanel\domains\mywp\wp-includes\functions.php on line 6170
[08-Aug-2026 11:59:46 UTC] PHP Stack trace:
[08-Aug-2026 11:59:46 UTC] PHP   1. {main}() C:\OSPanel\domains\mywp\index.php:0
[08-Aug-2026 11:59:46 UTC] PHP   2. require() C:\OSPanel\domains\mywp\index.php:17
[08-Aug-2026 11:59:46 UTC] PHP   3. require_once() C:\OSPanel\domains\mywp\wp-blog-header.php:13
[08-Aug-2026 11:59:46 UTC] PHP   4. require_once() C:\OSPanel\domains\mywp\wp-load.php:50
[08-Aug-2026 11:59:46 UTC] PHP   5. require_once() C:\OSPanel\domains\mywp\wp-config.php:105
[08-Aug-2026 11:59:46 UTC] PHP   6. include_once() C:\OSPanel\domains\mywp\wp-settings.php:589
[08-Aug-2026 11:59:46 UTC] PHP   7. acf() C:\OSPanel\domains\mywp\wp-content\plugins\advanced-custom-fields-pro\acf.php:831
[08-Aug-2026 11:59:46 UTC] PHP   8. ACF->initialize() C:\OSPanel\domains\mywp\wp-content\plugins\advanced-custom-fields-pro\acf.php:825
[08-Aug-2026 11:59:46 UTC] PHP   9. __($text = 'Advanced Custom Fields', $domain = 'acf') C:\OSPanel\domains\mywp\wp-content\plugins\advanced-custom-fields-pro\acf.php:116
[08-Aug-2026 11:59:46 UTC] PHP  10. translate($text = 'Advanced Custom Fields', $domain = 'acf') C:\OSPanel\domains\mywp\wp-includes\l10n.php:307
[08-Aug-2026 11:59:46 UTC] PHP  11. get_translations_for_domain($domain = 'acf') C:\OSPanel\domains\mywp\wp-includes\l10n.php:195
[08-Aug-2026 11:59:46 UTC] PHP  12. _load_textdomain_just_in_time($domain = 'acf') C:\OSPanel\domains\mywp\wp-includes\l10n.php:1483
[08-Aug-2026 11:59:46 UTC] PHP  13. _doing_it_wrong($function_name = '_load_textdomain_just_in_time', $message = 'Translation loading for the <code>acf</code> domain was triggered too early. This is usually an indicator for some code in the plugin or theme running too early. Translations should be loaded at the <code>init</code> action or later.', $version = '6.7.0') C:\OSPanel\domains\mywp\wp-includes\l10n.php:1453
[08-Aug-2026 11:59:46 UTC] PHP  14. wp_trigger_error($function_name = '', $message = 'Function _load_textdomain_just_in_time was called <strong>incorrectly</strong>. Translation loading for the <code>acf</code> domain was triggered too early. This is usually an indicator for some code in the plugin or theme running too early. Translations should be loaded at the <code>init</code> action or later. Please see <a href="https://developer.wordpress.org/advanced-administration/debug/debug-wordpress/">Debugging in WordPress</a> for more information. (This message was added in version 6.7.0.)', $error_level = *uninitialized*) C:\OSPanel\domains\mywp\wp-includes\functions.php:6084
[08-Aug-2026 11:59:46 UTC] PHP  15. trigger_error($message = 'Function _load_textdomain_just_in_time was called <strong>incorrectly</strong>. Translation loading for the <code>acf</code> domain was triggered too early. This is usually an indicator for some code in the plugin or theme running too early. Translations should be loaded at the <code>init</code> action or later. Please see <a href="https://developer.wordpress.org/advanced-administration/debug/debug-wordpress/">Debugging in WordPress</a> for more information. (This message was added in version 6.7.0.)', $error_level = 1024) C:\OSPanel\domains\mywp\wp-includes\functions.php:6170
[08-Aug-2026 11:59:49 UTC] PHP Notice:  Function _load_textdomain_just_in_time was called <strong>incorrectly</strong>. Translation loading for the <code>acf</code> domain was triggered too early. This is usually an indicator for some code in the plugin or theme running too early. Translations should be loaded at the <code>init</code> action or later. Please see <a href="https://developer.wordpress.org/advanced-administration/debug/debug-wordpress/">Debugging in WordPress</a> for more information. (This message was added in version 6.7.0.) in C:\OSPanel\domains\mywp\wp-includes\functions.php on line 6170
[08-Aug-2026 11:59:49 UTC] PHP Stack trace:
[08-Aug-2026 11:59:49 UTC] PHP   1. {main}() C:\OSPanel\domains\mywp\index.php:0
[08-Aug-2026 11:59:49 UTC] PHP   2. require() C:\OSPanel\domains\mywp\index.php:17
[08-Aug-2026 11:59:49 UTC] PHP   3. require_once() C:\OSPanel\domains\mywp\wp-blog-header.php:13
[08-Aug-2026 11:59:49 UTC] PHP   4. require_once() C:\OSPanel\domains\mywp\wp-load.php:50
[08-Aug-2026 11:59:49 UTC] PHP   5. require_once() C:\OSPanel\domains\mywp\wp-config.php:105
[08-Aug-2026 11:59:49 UTC] PHP   6. include_once() C:\OSPanel\domains\mywp\wp-settings.php:589
[08-Aug-2026 11:59:49 UTC] PHP   7. acf() C:\OSPanel\domains\mywp\wp-content\plugins\advanced-custom-fields-pro\acf.php:831
[08-Aug-2026 11:59:49 UTC] PHP   8. ACF->initialize() C:\OSPanel\domains\mywp\wp-content\plugins\advanced-custom-fields-pro\acf.php:825
[08-Aug-2026 11:59:49 UTC] PHP   9. __($text = 'Advanced Custom Fields', $domain = 'acf') C:\OSPanel\domains\mywp\wp-content\plugins\advanced-custom-fields-pro\acf.php:116
[08-Aug-2026 11:59:49 UTC] PHP  10. translate($text = 'Advanced Custom Fields', $domain = 'acf') C:\OSPanel\domains\mywp\wp-includes\l10n.php:307
[08-Aug-2026 11:59:49 UTC] PHP  11. get_translations_for_domain($domain = 'acf') C:\OSPanel\domains\mywp\wp-includes\l10n.php:195
[08-Aug-2026 11:59:49 UTC] PHP  12. _load_textdomain_just_in_time($domain = 'acf') C:\OSPanel\domains\mywp\wp-includes\l10n.php:1483
[08-Aug-2026 11:59:49 UTC] PHP  13. _doing_it_wrong($function_name = '_load_textdomain_just_in_time', $message = 'Translation loading for the <code>acf</code> domain was triggered too early. This is usually an indicator for some code in the plugin or theme running too early. Translations should be loaded at the <code>init</code> action or later.', $version = '6.7.0') C:\OSPanel\domains\mywp\wp-includes\l10n.php:1453
[08-Aug-2026 11:59:49 UTC] PHP  14. wp_trigger_error($function_name = '', $message = 'Function _load_textdomain_just_in_time was called <strong>incorrectly</strong>. Translation loading for the <code>acf</code> domain was triggered too early. This is usually an indicator for some code in the plugin or theme running too early. Translations should be loaded at the <code>init</code> action or later. Please see <a href="https://developer.wordpress.org/advanced-administration/debug/debug-wordpress/">Debugging in WordPress</a> for more information. (This message was added in version 6.7.0.)', $error_level = *uninitialized*) C:\OSPanel\domains\mywp\wp-includes\functions.php:6084
[08-Aug-2026 11:59:49 UTC] PHP  15. trigger_error($message = 'Function _load_textdomain_just_in_time was called <strong>incorrectly</strong>. Translation loading for the <code>acf</code> domain was triggered too early. This is usually an indicator for some code in the plugin or theme running too early. Translations should be loaded at the <code>init</code> action or later. Please see <a href="https://developer.wordpress.org/advanced-administration/debug/debug-wordpress/">Debugging in WordPress</a> for more information. (This message was added in version 6.7.0.)', $error_level = 1024) C:\OSPanel\domains\mywp\wp-includes\functions.php:6170
[08-Aug-2026 11:59:52 UTC] PHP Notice:  Function _load_textdomain_just_in_time was called <strong>incorrectly</strong>. Translation loading for the <code>acf</code> domain was triggered too early. This is usually an indicator for some code in the plugin or theme running too early. Translations should be loaded at the <code>init</code> action or later. Please see <a href="https://developer.wordpress.org/advanced-administration/debug/debug-wordpress/">Debugging in WordPress</a> for more information. (This message was added in version 6.7.0.) in C:\OSPanel\domains\mywp\wp-includes\functions.php on line 6170
[08-Aug-2026 11:59:52 UTC] PHP Stack trace:
[08-Aug-2026 11:59:52 UTC] PHP   1. {main}() C:\OSPanel\domains\mywp\index.php:0
[08-Aug-2026 11:59:52 UTC] PHP   2. require() C:\OSPanel\domains\mywp\index.php:17
[08-Aug-2026 11:59:52 UTC] PHP   3. require_once() C:\OSPanel\domains\mywp\wp-blog-header.php:13
[08-Aug-2026 11:59:52 UTC] PHP   4. require_once() C:\OSPanel\domains\mywp\wp-load.php:50
[08-Aug-2026 11:59:52 UTC] PHP   5. require_once() C:\OSPanel\domains\mywp\wp-config.php:105
[08-Aug-2026 11:59:52 UTC] PHP   6. include_once() C:\OSPanel\domains\mywp\wp-settings.php:589
[08-Aug-2026 11:59:52 UTC] PHP   7. acf() C:\OSPanel\domains\mywp\wp-content\plugins\advanced-custom-fields-pro\acf.php:831
[08-Aug-2026 11:59:52 UTC] PHP   8. ACF->initialize() C:\OSPanel\domains\mywp\wp-content\plugins\advanced-custom-fields-pro\acf.php:825
[08-Aug-2026 11:59:52 UTC] PHP   9. __($text = 'Advanced Custom Fields', $domain = 'acf') C:\OSPanel\domains\mywp\wp-content\plugins\advanced-custom-fields-pro\acf.php:116
[08-Aug-2026 11:59:52 UTC] PHP  10. translate($text = 'Advanced Custom Fields', $domain = 'acf') C:\OSPanel\domains\mywp\wp-includes\l10n.php:307
[08-Aug-2026 11:59:52 UTC] PHP  11. get_translations_for_domain($domain = 'acf') C:\OSPanel\domains\mywp\wp-includes\l10n.php:195
[08-Aug-2026 11:59:52 UTC] PHP  12. _load_textdomain_just_in_time($domain = 'acf') C:\OSPanel\domains\mywp\wp-includes\l10n.php:1483
[08-Aug-2026 11:59:52 UTC] PHP  13. _doing_it_wrong($function_name = '_load_textdomain_just_in_time', $message = 'Translation loading for the <code>acf</code> domain was triggered too early. This is usually an indicator for some code in the plugin or theme running too early. Translations should be loaded at the <code>init</code> action or later.', $version = '6.7.0') C:\OSPanel\domains\mywp\wp-includes\l10n.php:1453
[08-Aug-2026 11:59:52 UTC] PHP  14. wp_trigger_error($function_name = '', $message = 'Function _load_textdomain_just_in_time was called <strong>incorrectly</strong>. Translation loading for the <code>acf</code> domain was triggered too early. This is usually an indicator for some code in the plugin or theme running too early. Translations should be loaded at the <code>init</code> action or later. Please see <a href="https://developer.wordpress.org/advanced-administration/debug/debug-wordpress/">Debugging in WordPress</a> for more information. (This message was added in version 6.7.0.)', $error_level = *uninitialized*) C:\OSPanel\domains\mywp\wp-includes\functions.php:6084
[08-Aug-2026 11:59:52 UTC] PHP  15. trigger_error($message = 'Function _load_textdomain_just_in_time was called <strong>incorrectly</strong>. Translation loading for the <code>acf</code> domain was triggered too early. This is usually an indicator for some code in the plugin or theme running too early. Translations should be loaded at the <code>init</code> action or later. Please see <a href="https://developer.wordpress.org/advanced-administration/debug/debug-wordpress/">Debugging in WordPress</a> for more information. (This message was added in version 6.7.0.)', $error_level = 1024) C:\OSPanel\domains\mywp\wp-includes\functions.php:6170
[08-Aug-2026 11:59:56 UTC] PHP Notice:  Function _load_textdomain_just_in_time was called <strong>incorrectly</strong>. Translation loading for the <code>acf</code> domain was triggered too early. This is usually an indicator for some code in the plugin or theme running too early. Translations should be loaded at the <code>init</code> action or later. Please see <a href="https://developer.wordpress.org/advanced-administration/debug/debug-wordpress/">Debugging in WordPress</a> for more information. (This message was added in version 6.7.0.) in C:\OSPanel\domains\mywp\wp-includes\functions.php on line 6170
[08-Aug-2026 11:59:56 UTC] PHP Stack trace:
[08-Aug-2026 11:59:56 UTC] PHP   1. {main}() C:\OSPanel\domains\mywp\index.php:0
[08-Aug-2026 11:59:56 UTC] PHP   2. require() C:\OSPanel\domains\mywp\index.php:17
[08-Aug-2026 11:59:56 UTC] PHP   3. require_once() C:\OSPanel\domains\mywp\wp-blog-header.php:13
[08-Aug-2026 11:59:56 UTC] PHP   4. require_once() C:\OSPanel\domains\mywp\wp-load.php:50
[08-Aug-2026 11:59:56 UTC] PHP   5. require_once() C:\OSPanel\domains\mywp\wp-config.php:105
[08-Aug-2026 11:59:56 UTC] PHP   6. include_once() C:\OSPanel\domains\mywp\wp-settings.php:589
[08-Aug-2026 11:59:56 UTC] PHP   7. acf() C:\OSPanel\domains\mywp\wp-content\plugins\advanced-custom-fields-pro\acf.php:831
[08-Aug-2026 11:59:56 UTC] PHP   8. ACF->initialize() C:\OSPanel\domains\mywp\wp-content\plugins\advanced-custom-fields-pro\acf.php:825
[08-Aug-2026 11:59:56 UTC] PHP   9. __($text = 'Advanced Custom Fields', $domain = 'acf') C:\OSPanel\domains\mywp\wp-content\plugins\advanced-custom-fields-pro\acf.php:116
[08-Aug-2026 11:59:56 UTC] PHP  10. translate($text = 'Advanced Custom Fields', $domain = 'acf') C:\OSPanel\domains\mywp\wp-includes\l10n.php:307
[08-Aug-2026 11:59:56 UTC] PHP  11. get_translations_for_domain($domain = 'acf') C:\OSPanel\domains\mywp\wp-includes\l10n.php:195
[08-Aug-2026 11:59:56 UTC] PHP  12. _load_textdomain_just_in_time($domain = 'acf') C:\OSPanel\domains\mywp\wp-includes\l10n.php:1483
[08-Aug-2026 11:59:56 UTC] PHP  13. _doing_it_wrong($function_name = '_load_textdomain_just_in_time', $message = 'Translation loading for the <code>acf</code> domain was triggered too early. This is usually an indicator for some code in the plugin or theme running too early. Translations should be loaded at the <code>init</code> action or later.', $version = '6.7.0') C:\OSPanel\domains\mywp\wp-includes\l10n.php:1453
[08-Aug-2026 11:59:56 UTC] PHP  14. wp_trigger_error($function_name = '', $message = 'Function _load_textdomain_just_in_time was called <strong>incorrectly</strong>. Translation loading for the <code>acf</code> domain was triggered too early. This is usually an indicator for some code in the plugin or theme running too early. Translations should be loaded at the <code>init</code> action or later. Please see <a href="https://developer.wordpress.org/advanced-administration/debug/debug-wordpress/">Debugging in WordPress</a> for more information. (This message was added in version 6.7.0.)', $error_level = *uninitialized*) C:\OSPanel\domains\mywp\wp-includes\functions.php:6084
[08-Aug-2026 11:59:56 UTC] PHP  15. trigger_error($message = 'Function _load_textdomain_just_in_time was called <strong>incorrectly</strong>. Translation loading for the <code>acf</code> domain was triggered too early. This is usually an indicator for some code in the plugin or theme running too early. Translations should be loaded at the <code>init</code> action or later. Please see <a href="https://developer.wordpress.org/advanced-administration/debug/debug-wordpress/">Debugging in WordPress</a> for more information. (This message was added in version 6.7.0.)', $error_level = 1024) C:\OSPanel\domains\mywp\wp-includes\functions.php:6170
[08-Aug-2026 12:01:40 UTC] PHP Notice:  Function _load_textdomain_just_in_time was called <strong>incorrectly</strong>. Translation loading for the <code>acf</code> domain was triggered too early. This is usually an indicator for some code in the plugin or theme running too early. Translations should be loaded at the <code>init</code> action or later. Please see <a href="https://developer.wordpress.org/advanced-administration/debug/debug-wordpress/">Debugging in WordPress</a> for more information. (This message was added in version 6.7.0.) in C:\OSPanel\domains\mywp\wp-includes\functions.php on line 6170
[08-Aug-2026 12:01:40 UTC] PHP Stack trace:
[08-Aug-2026 12:01:40 UTC] PHP   1. {main}() C:\OSPanel\domains\mywp\wp-admin\admin-ajax.php:0
[08-Aug-2026 12:01:40 UTC] PHP   2. require_once() C:\OSPanel\domains\mywp\wp-admin\admin-ajax.php:22
[08-Aug-2026 12:01:40 UTC] PHP   3. require_once() C:\OSPanel\domains\mywp\wp-load.php:50
[08-Aug-2026 12:01:40 UTC] PHP   4. require_once() C:\OSPanel\domains\mywp\wp-config.php:105
[08-Aug-2026 12:01:40 UTC] PHP   5. include_once() C:\OSPanel\domains\mywp\wp-settings.php:589
[08-Aug-2026 12:01:40 UTC] PHP   6. acf() C:\OSPanel\domains\mywp\wp-content\plugins\advanced-custom-fields-pro\acf.php:831
[08-Aug-2026 12:01:40 UTC] PHP   7. ACF->initialize() C:\OSPanel\domains\mywp\wp-content\plugins\advanced-custom-fields-pro\acf.php:825
[08-Aug-2026 12:01:40 UTC] PHP   8. __($text = 'Advanced Custom Fields', $domain = 'acf') C:\OSPanel\domains\mywp\wp-content\plugins\advanced-custom-fields-pro\acf.php:116
[08-Aug-2026 12:01:40 UTC] PHP   9. translate($text = 'Advanced Custom Fields', $domain = 'acf') C:\OSPanel\domains\mywp\wp-includes\l10n.php:307
[08-Aug-2026 12:01:40 UTC] PHP  10. get_translations_for_domain($domain = 'acf') C:\OSPanel\domains\mywp\wp-includes\l10n.php:195
[08-Aug-2026 12:01:40 UTC] PHP  11. _load_textdomain_just_in_time($domain = 'acf') C:\OSPanel\domains\mywp\wp-includes\l10n.php:1483
[08-Aug-2026 12:01:40 UTC] PHP  12. _doing_it_wrong($function_name = '_load_textdomain_just_in_time', $message = 'Translation loading for the <code>acf</code> domain was triggered too early. This is usually an indicator for some code in the plugin or theme running too early. Translations should be loaded at the <code>init</code> action or later.', $version = '6.7.0') C:\OSPanel\domains\mywp\wp-includes\l10n.php:1453
[08-Aug-2026 12:01:40 UTC] PHP  13. wp_trigger_error($function_name = '', $message = 'Function _load_textdomain_just_in_time was called <strong>incorrectly</strong>. Translation loading for the <code>acf</code> domain was triggered too early. This is usually an indicator for some code in the plugin or theme running too early. Translations should be loaded at the <code>init</code> action or later. Please see <a href="https://developer.wordpress.org/advanced-administration/debug/debug-wordpress/">Debugging in WordPress</a> for more information. (This message was added in version 6.7.0.)', $error_level = *uninitialized*) C:\OSPanel\domains\mywp\wp-includes\functions.php:6084
[08-Aug-2026 12:01:40 UTC] PHP  14. trigger_error($message = 'Function _load_textdomain_just_in_time was called <strong>incorrectly</strong>. Translation loading for the <code>acf</code> domain was triggered too early. This is usually an indicator for some code in the plugin or theme running too early. Translations should be loaded at the <code>init</code> action or later. Please see <a href="https://developer.wordpress.org/advanced-administration/debug/debug-wordpress/">Debugging in WordPress</a> for more information. (This message was added in version 6.7.0.)', $error_level = 1024) C:\OSPanel\domains\mywp\wp-includes\functions.php:6170
[08-Aug-2026 12:03:40 UTC] PHP Notice:  Function _load_textdomain_just_in_time was called <strong>incorrectly</strong>. Translation loading for the <code>acf</code> domain was triggered too early. This is usually an indicator for some code in the plugin or theme running too early. Translations should be loaded at the <code>init</code> action or later. Please see <a href="https://developer.wordpress.org/advanced-administration/debug/debug-wordpress/">Debugging in WordPress</a> for more information. (This message was added in version 6.7.0.) in C:\OSPanel\domains\mywp\wp-includes\functions.php on line 6170
[08-Aug-2026 12:03:40 UTC] PHP Stack trace:
[08-Aug-2026 12:03:40 UTC] PHP   1. {main}() C:\OSPanel\domains\mywp\wp-admin\admin-ajax.php:0
[08-Aug-2026 12:03:40 UTC] PHP   2. require_once() C:\OSPanel\domains\mywp\wp-admin\admin-ajax.php:22
[08-Aug-2026 12:03:40 UTC] PHP   3. require_once() C:\OSPanel\domains\mywp\wp-load.php:50
[08-Aug-2026 12:03:40 UTC] PHP   4. require_once() C:\OSPanel\domains\mywp\wp-config.php:105
[08-Aug-2026 12:03:40 UTC] PHP   5. include_once() C:\OSPanel\domains\mywp\wp-settings.php:589
[08-Aug-2026 12:03:40 UTC] PHP   6. acf() C:\OSPanel\domains\mywp\wp-content\plugins\advanced-custom-fields-pro\acf.php:831
[08-Aug-2026 12:03:40 UTC] PHP   7. ACF->initialize() C:\OSPanel\domains\mywp\wp-content\plugins\advanced-custom-fields-pro\acf.php:825
[08-Aug-2026 12:03:40 UTC] PHP   8. __($text = 'Advanced Custom Fields', $domain = 'acf') C:\OSPanel\domains\mywp\wp-content\plugins\advanced-custom-fields-pro\acf.php:116
[08-Aug-2026 12:03:40 UTC] PHP   9. translate($text = 'Advanced Custom Fields', $domain = 'acf') C:\OSPanel\domains\mywp\wp-includes\l10n.php:307
[08-Aug-2026 12:03:40 UTC] PHP  10. get_translations_for_domain($domain = 'acf') C:\OSPanel\domains\mywp\wp-includes\l10n.php:195
[08-Aug-2026 12:03:40 UTC] PHP  11. _load_textdomain_just_in_time($domain = 'acf') C:\OSPanel\domains\mywp\wp-includes\l10n.php:1483
[08-Aug-2026 12:03:40 UTC] PHP  12. _doing_it_wrong($function_name = '_load_textdomain_just_in_time', $message = 'Translation loading for the <code>acf</code> domain was triggered too early. This is usually an indicator for some code in the plugin or theme running too early. Translations should be loaded at the <code>init</code> action or later.', $version = '6.7.0') C:\OSPanel\domains\mywp\wp-includes\l10n.php:1453
[08-Aug-2026 12:03:40 UTC] PHP  13. wp_trigger_error($function_name = '', $message = 'Function _load_textdomain_just_in_time was called <strong>incorrectly</strong>. Translation loading for the <code>acf</code> domain was triggered too early. This is usually an indicator for some code in the plugin or theme running too early. Translations should be loaded at the <code>init</code> action or later. Please see <a href="https://developer.wordpress.org/advanced-administration/debug/debug-wordpress/">Debugging in WordPress</a> for more information. (This message was added in version 6.7.0.)', $error_level = *uninitialized*) C:\OSPanel\domains\mywp\wp-includes\functions.php:6084
[08-Aug-2026 12:03:40 UTC] PHP  14. trigger_error($message = 'Function _load_textdomain_just_in_time was called <strong>incorrectly</strong>. Translation loading for the <code>acf</code> domain was triggered too early. This is usually an indicator for some code in the plugin or theme running too early. Translations should be loaded at the <code>init</code> action or later. Please see <a href="https://developer.wordpress.org/advanced-administration/debug/debug-wordpress/">Debugging in WordPress</a> for more information. (This message was added in version 6.7.0.)', $error_level = 1024) C:\OSPanel\domains\mywp\wp-includes\functions.php:6170
[08-Aug-2026 12:04:41 UTC] PHP Notice:  Function _load_textdomain_just_in_time was called <strong>incorrectly</strong>. Translation loading for the <code>acf</code> domain was triggered too early. This is usually an indicator for some code in the plugin or theme running too early. Translations should be loaded at the <code>init</code> action or later. Please see <a href="https://developer.wordpress.org/advanced-administration/debug/debug-wordpress/">Debugging in WordPress</a> for more information. (This message was added in version 6.7.0.) in C:\OSPanel\domains\mywp\wp-includes\functions.php on line 6170
[08-Aug-2026 12:04:41 UTC] PHP Stack trace:
[08-Aug-2026 12:04:41 UTC] PHP   1. {main}() C:\OSPanel\domains\mywp\wp-admin\admin-ajax.php:0
[08-Aug-2026 12:04:41 UTC] PHP   2. require_once() C:\OSPanel\domains\mywp\wp-admin\admin-ajax.php:22
[08-Aug-2026 12:04:41 UTC] PHP   3. require_once() C:\OSPanel\domains\mywp\wp-load.php:50
[08-Aug-2026 12:04:41 UTC] PHP   4. require_once() C:\OSPanel\domains\mywp\wp-config.php:105
[08-Aug-2026 12:04:41 UTC] PHP   5. include_once() C:\OSPanel\domains\mywp\wp-settings.php:589
[08-Aug-2026 12:04:41 UTC] PHP   6. acf() C:\OSPanel\domains\mywp\wp-content\plugins\advanced-custom-fields-pro\acf.php:831
[08-Aug-2026 12:04:41 UTC] PHP   7. ACF->initialize() C:\OSPanel\domains\mywp\wp-content\plugins\advanced-custom-fields-pro\acf.php:825
[08-Aug-2026 12:04:41 UTC] PHP   8. __($text = 'Advanced Custom Fields', $domain = 'acf') C:\OSPanel\domains\mywp\wp-content\plugins\advanced-custom-fields-pro\acf.php:116
[08-Aug-2026 12:04:41 UTC] PHP   9. translate($text = 'Advanced Custom Fields', $domain = 'acf') C:\OSPanel\domains\mywp\wp-includes\l10n.php:307
[08-Aug-2026 12:04:41 UTC] PHP  10. get_translations_for_domain($domain = 'acf') C:\OSPanel\domains\mywp\wp-includes\l10n.php:195
[08-Aug-2026 12:04:41 UTC] PHP  11. _load_textdomain_just_in_time($domain = 'acf') C:\OSPanel\domains\mywp\wp-includes\l10n.php:1483
[08-Aug-2026 12:04:41 UTC] PHP  12. _doing_it_wrong($function_name = '_load_textdomain_just_in_time', $message = 'Translation loading for the <code>acf</code> domain was triggered too early. This is usually an indicator for some code in the plugin or theme running too early. Translations should be loaded at the <code>init</code> action or later.', $version = '6.7.0') C:\OSPanel\domains\mywp\wp-includes\l10n.php:1453
[08-Aug-2026 12:04:41 UTC] PHP  13. wp_trigger_error($function_name = '', $message = 'Function _load_textdomain_just_in_time was called <strong>incorrectly</strong>. Translation loading for the <code>acf</code> domain was triggered too early. This is usually an indicator for some code in the plugin or theme running too early. Translations should be loaded at the <code>init</code> action or later. Please see <a href="https://developer.wordpress.org/advanced-administration/debug/debug-wordpress/">Debugging in WordPress</a> for more information. (This message was added in version 6.7.0.)', $error_level = *uninitialized*) C:\OSPanel\domains\mywp\wp-includes\functions.php:6084
[08-Aug-2026 12:04:41 UTC] PHP  14. trigger_error($message = 'Function _load_textdomain_just_in_time was called <strong>incorrectly</strong>. Translation loading for the <code>acf</code> domain was triggered too early. This is usually an indicator for some code in the plugin or theme running too early. Translations should be loaded at the <code>init</code> action or later. Please see <a href="https://developer.wordpress.org/advanced-administration/debug/debug-wordpress/">Debugging in WordPress</a> for more information. (This message was added in version 6.7.0.)', $error_level = 1024) C:\OSPanel\domains\mywp\wp-includes\functions.php:6170
[08-Aug-2026 12:04:43 UTC] PHP Notice:  Function _load_textdomain_just_in_time was called <strong>incorrectly</strong>. Translation loading for the <code>acf</code> domain was triggered too early. This is usually an indicator for some code in the plugin or theme running too early. Translations should be loaded at the <code>init</code> action or later. Please see <a href="https://developer.wordpress.org/advanced-administration/debug/debug-wordpress/">Debugging in WordPress</a> for more information. (This message was added in version 6.7.0.) in C:\OSPanel\domains\mywp\wp-includes\functions.php on line 6170
[08-Aug-2026 12:04:43 UTC] PHP Stack trace:
[08-Aug-2026 12:04:43 UTC] PHP   1. {main}() C:\OSPanel\domains\mywp\wp-cron.php:0
[08-Aug-2026 12:04:43 UTC] PHP   2. require_once() C:\OSPanel\domains\mywp\wp-cron.php:46
[08-Aug-2026 12:04:43 UTC] PHP   3. require_once() C:\OSPanel\domains\mywp\wp-load.php:50
[08-Aug-2026 12:04:43 UTC] PHP   4. require_once() C:\OSPanel\domains\mywp\wp-config.php:105
[08-Aug-2026 12:04:43 UTC] PHP   5. include_once() C:\OSPanel\domains\mywp\wp-settings.php:589
[08-Aug-2026 12:04:43 UTC] PHP   6. acf() C:\OSPanel\domains\mywp\wp-content\plugins\advanced-custom-fields-pro\acf.php:831
[08-Aug-2026 12:04:43 UTC] PHP   7. ACF->initialize() C:\OSPanel\domains\mywp\wp-content\plugins\advanced-custom-fields-pro\acf.php:825
[08-Aug-2026 12:04:43 UTC] PHP   8. __($text = 'Advanced Custom Fields', $domain = 'acf') C:\OSPanel\domains\mywp\wp-content\plugins\advanced-custom-fields-pro\acf.php:116
[08-Aug-2026 12:04:43 UTC] PHP   9. translate($text = 'Advanced Custom Fields', $domain = 'acf') C:\OSPanel\domains\mywp\wp-includes\l10n.php:307
[08-Aug-2026 12:04:43 UTC] PHP  10. get_translations_for_domain($domain = 'acf') C:\OSPanel\domains\mywp\wp-includes\l10n.php:195
[08-Aug-2026 12:04:43 UTC] PHP  11. _load_textdomain_just_in_time($domain = 'acf') C:\OSPanel\domains\mywp\wp-includes\l10n.php:1483
[08-Aug-2026 12:04:43 UTC] PHP  12. _doing_it_wrong($function_name = '_load_textdomain_just_in_time', $message = 'Translation loading for the <code>acf</code> domain was triggered too early. This is usually an indicator for some code in the plugin or theme running too early. Translations should be loaded at the <code>init</code> action or later.', $version = '6.7.0') C:\OSPanel\domains\mywp\wp-includes\l10n.php:1453
[08-Aug-2026 12:04:43 UTC] PHP  13. wp_trigger_error($function_name = '', $message = 'Function _load_textdomain_just_in_time was called <strong>incorrectly</strong>. Translation loading for the <code>acf</code> domain was triggered too early. This is usually an indicator for some code in the plugin or theme running too early. Translations should be loaded at the <code>init</code> action or later. Please see <a href="https://developer.wordpress.org/advanced-administration/debug/debug-wordpress/">Debugging in WordPress</a> for more information. (This message was added in version 6.7.0.)', $error_level = *uninitialized*) C:\OSPanel\domains\mywp\wp-includes\functions.php:6084
[08-Aug-2026 12:04:43 UTC] PHP  14. trigger_error($message = 'Function _load_textdomain_just_in_time was called <strong>incorrectly</strong>. Translation loading for the <code>acf</code> domain was triggered too early. This is usually an indicator for some code in the plugin or theme running too early. Translations should be loaded at the <code>init</code> action or later. Please see <a href="https://developer.wordpress.org/advanced-administration/debug/debug-wordpress/">Debugging in WordPress</a> for more information. (This message was added in version 6.7.0.)', $error_level = 1024) C:\OSPanel\domains\mywp\wp-includes\functions.php:6170
[08-Aug-2026 12:04:45 UTC] PHP Notice:  Function _load_textdomain_just_in_time was called <strong>incorrectly</strong>. Translation loading for the <code>acf</code> domain was triggered too early. This is usually an indicator for some code in the plugin or theme running too early. Translations should be loaded at the <code>init</code> action or later. Please see <a href="https://developer.wordpress.org/advanced-administration/debug/debug-wordpress/">Debugging in WordPress</a> for more information. (This message was added in version 6.7.0.) in C:\OSPanel\domains\mywp\wp-includes\functions.php on line 6170
[08-Aug-2026 12:04:45 UTC] PHP Stack trace:
[08-Aug-2026 12:04:45 UTC] PHP   1. {main}() C:\OSPanel\domains\mywp\index.php:0
[08-Aug-2026 12:04:45 UTC] PHP   2. require() C:\OSPanel\domains\mywp\index.php:17
[08-Aug-2026 12:04:45 UTC] PHP   3. require_once() C:\OSPanel\domains\mywp\wp-blog-header.php:13
[08-Aug-2026 12:04:45 UTC] PHP   4. require_once() C:\OSPanel\domains\mywp\wp-load.php:50
[08-Aug-2026 12:04:45 UTC] PHP   5. require_once() C:\OSPanel\domains\mywp\wp-config.php:105
[08-Aug-2026 12:04:45 UTC] PHP   6. include_once() C:\OSPanel\domains\mywp\wp-settings.php:589
[08-Aug-2026 12:04:45 UTC] PHP   7. acf() C:\OSPanel\domains\mywp\wp-content\plugins\advanced-custom-fields-pro\acf.php:831
[08-Aug-2026 12:04:45 UTC] PHP   8. ACF->initialize() C:\OSPanel\domains\mywp\wp-content\plugins\advanced-custom-fields-pro\acf.php:825
[08-Aug-2026 12:04:45 UTC] PHP   9. __($text = 'Advanced Custom Fields', $domain = 'acf') C:\OSPanel\domains\mywp\wp-content\plugins\advanced-custom-fields-pro\acf.php:116
[08-Aug-2026 12:04:45 UTC] PHP  10. translate($text = 'Advanced Custom Fields', $domain = 'acf') C:\OSPanel\domains\mywp\wp-includes\l10n.php:307
[08-Aug-2026 12:04:45 UTC] PHP  11. get_translations_for_domain($domain = 'acf') C:\OSPanel\domains\mywp\wp-includes\l10n.php:195
[08-Aug-2026 12:04:45 UTC] PHP  12. _load_textdomain_just_in_time($domain = 'acf') C:\OSPanel\domains\mywp\wp-includes\l10n.php:1483
[08-Aug-2026 12:04:45 UTC] PHP  13. _doing_it_wrong($function_name = '_load_textdomain_just_in_time', $message = 'Translation loading for the <code>acf</code> domain was triggered too early. This is usually an indicator for some code in the plugin or theme running too early. Translations should be loaded at the <code>init</code> action or later.', $version = '6.7.0') C:\OSPanel\domains\mywp\wp-includes\l10n.php:1453
[08-Aug-2026 12:04:45 UTC] PHP  14. wp_trigger_error($function_name = '', $message = 'Function _load_textdomain_just_in_time was called <strong>incorrectly</strong>. Translation loading for the <code>acf</code> domain was triggered too early. This is usually an indicator for some code in the plugin or theme running too early. Translations should be loaded at the <code>init</code> action or later. Please see <a href="https://developer.wordpress.org/advanced-administration/debug/debug-wordpress/">Debugging in WordPress</a> for more information. (This message was added in version 6.7.0.)', $error_level = *uninitialized*) C:\OSPanel\domains\mywp\wp-includes\functions.php:6084
[08-Aug-2026 12:04:45 UTC] PHP  15. trigger_error($message = 'Function _load_textdomain_just_in_time was called <strong>incorrectly</strong>. Translation loading for the <code>acf</code> domain was triggered too early. This is usually an indicator for some code in the plugin or theme running too early. Translations should be loaded at the <code>init</code> action or later. Please see <a href="https://developer.wordpress.org/advanced-administration/debug/debug-wordpress/">Debugging in WordPress</a> for more information. (This message was added in version 6.7.0.)', $error_level = 1024) C:\OSPanel\domains\mywp\wp-includes\functions.php:6170
[08-Aug-2026 12:04:48 UTC] PHP Notice:  Function _load_textdomain_just_in_time was called <strong>incorrectly</strong>. Translation loading for the <code>acf</code> domain was triggered too early. This is usually an indicator for some code in the plugin or theme running too early. Translations should be loaded at the <code>init</code> action or later. Please see <a href="https://developer.wordpress.org/advanced-administration/debug/debug-wordpress/">Debugging in WordPress</a> for more information. (This message was added in version 6.7.0.) in C:\OSPanel\domains\mywp\wp-includes\functions.php on line 6170
[08-Aug-2026 12:04:48 UTC] PHP Stack trace:
[08-Aug-2026 12:04:48 UTC] PHP   1. {main}() C:\OSPanel\domains\mywp\index.php:0
[08-Aug-2026 12:04:48 UTC] PHP   2. require() C:\OSPanel\domains\mywp\index.php:17
[08-Aug-2026 12:04:48 UTC] PHP   3. require_once() C:\OSPanel\domains\mywp\wp-blog-header.php:13
[08-Aug-2026 12:04:48 UTC] PHP   4. require_once() C:\OSPanel\domains\mywp\wp-load.php:50
[08-Aug-2026 12:04:48 UTC] PHP   5. require_once() C:\OSPanel\domains\mywp\wp-config.php:105
[08-Aug-2026 12:04:48 UTC] PHP   6. include_once() C:\OSPanel\domains\mywp\wp-settings.php:589
[08-Aug-2026 12:04:48 UTC] PHP   7. acf() C:\OSPanel\domains\mywp\wp-content\plugins\advanced-custom-fields-pro\acf.php:831
[08-Aug-2026 12:04:48 UTC] PHP   8. ACF->initialize() C:\OSPanel\domains\mywp\wp-content\plugins\advanced-custom-fields-pro\acf.php:825
[08-Aug-2026 12:04:48 UTC] PHP   9. __($text = 'Advanced Custom Fields', $domain = 'acf') C:\OSPanel\domains\mywp\wp-content\plugins\advanced-custom-fields-pro\acf.php:116
[08-Aug-2026 12:04:48 UTC] PHP  10. translate($text = 'Advanced Custom Fields', $domain = 'acf') C:\OSPanel\domains\mywp\wp-includes\l10n.php:307
[08-Aug-2026 12:04:48 UTC] PHP  11. get_translations_for_domain($domain = 'acf') C:\OSPanel\domains\mywp\wp-includes\l10n.php:195
[08-Aug-2026 12:04:48 UTC] PHP  12. _load_textdomain_just_in_time($domain = 'acf') C:\OSPanel\domains\mywp\wp-includes\l10n.php:1483
[08-Aug-2026 12:04:48 UTC] PHP  13. _doing_it_wrong($function_name = '_load_textdomain_just_in_time', $message = 'Translation loading for the <code>acf</code> domain was triggered too early. This is usually an indicator for some code in the plugin or theme running too early. Translations should be loaded at the <code>init</code> action or later.', $version = '6.7.0') C:\OSPanel\domains\mywp\wp-includes\l10n.php:1453
[08-Aug-2026 12:04:48 UTC] PHP  14. wp_trigger_error($function_name = '', $message = 'Function _load_textdomain_just_in_time was called <strong>incorrectly</strong>. Translation loading for the <code>acf</code> domain was triggered too early. This is usually an indicator for some code in the plugin or theme running too early. Translations should be loaded at the <code>init</code> action or later. Please see <a href="https://developer.wordpress.org/advanced-administration/debug/debug-wordpress/">Debugging in WordPress</a> for more information. (This message was added in version 6.7.0.)', $error_level = *uninitialized*) C:\OSPanel\domains\mywp\wp-includes\functions.php:6084
[08-Aug-2026 12:04:48 UTC] PHP  15. trigger_error($message = 'Function _load_textdomain_just_in_time was called <strong>incorrectly</strong>. Translation loading for the <code>acf</code> domain was triggered too early. This is usually an indicator for some code in the plugin or theme running too early. Translations should be loaded at the <code>init</code> action or later. Please see <a href="https://developer.wordpress.org/advanced-administration/debug/debug-wordpress/">Debugging in WordPress</a> for more information. (This message was added in version 6.7.0.)', $error_level = 1024) C:\OSPanel\domains\mywp\wp-includes\functions.php:6170
[08-Aug-2026 12:04:51 UTC] PHP Notice:  Function _load_textdomain_just_in_time was called <strong>incorrectly</strong>. Translation loading for the <code>acf</code> domain was triggered too early. This is usually an indicator for some code in the plugin or theme running too early. Translations should be loaded at the <code>init</code> action or later. Please see <a href="https://developer.wordpress.org/advanced-administration/debug/debug-wordpress/">Debugging in WordPress</a> for more information. (This message was added in version 6.7.0.) in C:\OSPanel\domains\mywp\wp-includes\functions.php on line 6170
[08-Aug-2026 12:04:51 UTC] PHP Stack trace:
[08-Aug-2026 12:04:51 UTC] PHP   1. {main}() C:\OSPanel\domains\mywp\index.php:0
[08-Aug-2026 12:04:51 UTC] PHP   2. require() C:\OSPanel\domains\mywp\index.php:17
[08-Aug-2026 12:04:51 UTC] PHP   3. require_once() C:\OSPanel\domains\mywp\wp-blog-header.php:13
[08-Aug-2026 12:04:51 UTC] PHP   4. require_once() C:\OSPanel\domains\mywp\wp-load.php:50
[08-Aug-2026 12:04:51 UTC] PHP   5. require_once() C:\OSPanel\domains\mywp\wp-config.php:105
[08-Aug-2026 12:04:51 UTC] PHP   6. include_once() C:\OSPanel\domains\mywp\wp-settings.php:589
[08-Aug-2026 12:04:51 UTC] PHP   7. acf() C:\OSPanel\domains\mywp\wp-content\plugins\advanced-custom-fields-pro\acf.php:831
[08-Aug-2026 12:04:51 UTC] PHP   8. ACF->initialize() C:\OSPanel\domains\mywp\wp-content\plugins\advanced-custom-fields-pro\acf.php:825
[08-Aug-2026 12:04:51 UTC] PHP   9. __($text = 'Advanced Custom Fields', $domain = 'acf') C:\OSPanel\domains\mywp\wp-content\plugins\advanced-custom-fields-pro\acf.php:116
[08-Aug-2026 12:04:51 UTC] PHP  10. translate($text = 'Advanced Custom Fields', $domain = 'acf') C:\OSPanel\domains\mywp\wp-includes\l10n.php:307
[08-Aug-2026 12:04:51 UTC] PHP  11. get_translations_for_domain($domain = 'acf') C:\OSPanel\domains\mywp\wp-includes\l10n.php:195
[08-Aug-2026 12:04:51 UTC] PHP  12. _load_textdomain_just_in_time($domain = 'acf') C:\OSPanel\domains\mywp\wp-includes\l10n.php:1483
[08-Aug-2026 12:04:51 UTC] PHP  13. _doing_it_wrong($function_name = '_load_textdomain_just_in_time', $message = 'Translation loading for the <code>acf</code> domain was triggered too early. This is usually an indicator for some code in the plugin or theme running too early. Translations should be loaded at the <code>init</code> action or later.', $version = '6.7.0') C:\OSPanel\domains\mywp\wp-includes\l10n.php:1453
[08-Aug-2026 12:04:51 UTC] PHP  14. wp_trigger_error($function_name = '', $message = 'Function _load_textdomain_just_in_time was called <strong>incorrectly</strong>. Translation loading for the <code>acf</code> domain was triggered too early. This is usually an indicator for some code in the plugin or theme running too early. Translations should be loaded at the <code>init</code> action or later. Please see <a href="https://developer.wordpress.org/advanced-administration/debug/debug-wordpress/">Debugging in WordPress</a> for more information. (This message was added in version 6.7.0.)', $error_level = *uninitialized*) C:\OSPanel\domains\mywp\wp-includes\functions.php:6084
[08-Aug-2026 12:04:51 UTC] PHP  15. trigger_error($message = 'Function _load_textdomain_just_in_time was called <strong>incorrectly</strong>. Translation loading for the <code>acf</code> domain was triggered too early. This is usually an indicator for some code in the plugin or theme running too early. Translations should be loaded at the <code>init</code> action or later. Please see <a href="https://developer.wordpress.org/advanced-administration/debug/debug-wordpress/">Debugging in WordPress</a> for more information. (This message was added in version 6.7.0.)', $error_level = 1024) C:\OSPanel\domains\mywp\wp-includes\functions.php:6170
[08-Aug-2026 12:04:54 UTC] PHP Notice:  Function _load_textdomain_just_in_time was called <strong>incorrectly</strong>. Translation loading for the <code>acf</code> domain was triggered too early. This is usually an indicator for some code in the plugin or theme running too early. Translations should be loaded at the <code>init</code> action or later. Please see <a href="https://developer.wordpress.org/advanced-administration/debug/debug-wordpress/">Debugging in WordPress</a> for more information. (This message was added in version 6.7.0.) in C:\OSPanel\domains\mywp\wp-includes\functions.php on line 6170
[08-Aug-2026 12:04:54 UTC] PHP Stack trace:
[08-Aug-2026 12:04:54 UTC] PHP   1. {main}() C:\OSPanel\domains\mywp\index.php:0
[08-Aug-2026 12:04:54 UTC] PHP   2. require() C:\OSPanel\domains\mywp\index.php:17
[08-Aug-2026 12:04:54 UTC] PHP   3. require_once() C:\OSPanel\domains\mywp\wp-blog-header.php:13
[08-Aug-2026 12:04:54 UTC] PHP   4. require_once() C:\OSPanel\domains\mywp\wp-load.php:50
[08-Aug-2026 12:04:54 UTC] PHP   5. require_once() C:\OSPanel\domains\mywp\wp-config.php:105
[08-Aug-2026 12:04:54 UTC] PHP   6. include_once() C:\OSPanel\domains\mywp\wp-settings.php:589
[08-Aug-2026 12:04:54 UTC] PHP   7. acf() C:\OSPanel\domains\mywp\wp-content\plugins\advanced-custom-fields-pro\acf.php:831
[08-Aug-2026 12:04:54 UTC] PHP   8. ACF->initialize() C:\OSPanel\domains\mywp\wp-content\plugins\advanced-custom-fields-pro\acf.php:825
[08-Aug-2026 12:04:54 UTC] PHP   9. __($text = 'Advanced Custom Fields', $domain = 'acf') C:\OSPanel\domains\mywp\wp-content\plugins\advanced-custom-fields-pro\acf.php:116
[08-Aug-2026 12:04:54 UTC] PHP  10. translate($text = 'Advanced Custom Fields', $domain = 'acf') C:\OSPanel\domains\mywp\wp-includes\l10n.php:307
[08-Aug-2026 12:04:54 UTC] PHP  11. get_translations_for_domain($domain = 'acf') C:\OSPanel\domains\mywp\wp-includes\l10n.php:195
[08-Aug-2026 12:04:54 UTC] PHP  12. _load_textdomain_just_in_time($domain = 'acf') C:\OSPanel\domains\mywp\wp-includes\l10n.php:1483
[08-Aug-2026 12:04:54 UTC] PHP  13. _doing_it_wrong($function_name = '_load_textdomain_just_in_time', $message = 'Translation loading for the <code>acf</code> domain was triggered too early. This is usually an indicator for some code in the plugin or theme running too early. Translations should be loaded at the <code>init</code> action or later.', $version = '6.7.0') C:\OSPanel\domains\mywp\wp-includes\l10n.php:1453
[08-Aug-2026 12:04:54 UTC] PHP  14. wp_trigger_error($function_name = '', $message = 'Function _load_textdomain_just_in_time was called <strong>incorrectly</strong>. Translation loading for the <code>acf</code> domain was triggered too early. This is usually an indicator for some code in the plugin or theme running too early. Translations should be loaded at the <code>init</code> action or later. Please see <a href="https://developer.wordpress.org/advanced-administration/debug/debug-wordpress/">Debugging in WordPress</a> for more information. (This message was added in version 6.7.0.)', $error_level = *uninitialized*) C:\OSPanel\domains\mywp\wp-includes\functions.php:6084
[08-Aug-2026 12:04:54 UTC] PHP  15. trigger_error($message = 'Function _load_textdomain_just_in_time was called <strong>incorrectly</strong>. Translation loading for the <code>acf</code> domain was triggered too early. This is usually an indicator for some code in the plugin or theme running too early. Translations should be loaded at the <code>init</code> action or later. Please see <a href="https://developer.wordpress.org/advanced-administration/debug/debug-wordpress/">Debugging in WordPress</a> for more information. (This message was added in version 6.7.0.)', $error_level = 1024) C:\OSPanel\domains\mywp\wp-includes\functions.php:6170
[08-Aug-2026 12:05:42 UTC] PHP Notice:  Function _load_textdomain_just_in_time was called <strong>incorrectly</strong>. Translation loading for the <code>acf</code> domain was triggered too early. This is usually an indicator for some code in the plugin or theme running too early. Translations should be loaded at the <code>init</code> action or later. Please see <a href="https://developer.wordpress.org/advanced-administration/debug/debug-wordpress/">Debugging in WordPress</a> for more information. (This message was added in version 6.7.0.) in C:\OSPanel\domains\mywp\wp-includes\functions.php on line 6170
[08-Aug-2026 12:05:42 UTC] PHP Stack trace:
[08-Aug-2026 12:05:42 UTC] PHP   1. {main}() C:\OSPanel\domains\mywp\wp-admin\admin-ajax.php:0
[08-Aug-2026 12:05:42 UTC] PHP   2. require_once() C:\OSPanel\domains\mywp\wp-admin\admin-ajax.php:22
[08-Aug-2026 12:05:42 UTC] PHP   3. require_once() C:\OSPanel\domains\mywp\wp-load.php:50
[08-Aug-2026 12:05:42 UTC] PHP   4. require_once() C:\OSPanel\domains\mywp\wp-config.php:105
[08-Aug-2026 12:05:42 UTC] PHP   5. include_once() C:\OSPanel\domains\mywp\wp-settings.php:589
[08-Aug-2026 12:05:42 UTC] PHP   6. acf() C:\OSPanel\domains\mywp\wp-content\plugins\advanced-custom-fields-pro\acf.php:831
[08-Aug-2026 12:05:42 UTC] PHP   7. ACF->initialize() C:\OSPanel\domains\mywp\wp-content\plugins\advanced-custom-fields-pro\acf.php:825
[08-Aug-2026 12:05:42 UTC] PHP   8. __($text = 'Advanced Custom Fields', $domain = 'acf') C:\OSPanel\domains\mywp\wp-content\plugins\advanced-custom-fields-pro\acf.php:116
[08-Aug-2026 12:05:42 UTC] PHP   9. translate($text = 'Advanced Custom Fields', $domain = 'acf') C:\OSPanel\domains\mywp\wp-includes\l10n.php:307
[08-Aug-2026 12:05:42 UTC] PHP  10. get_translations_for_domain($domain = 'acf') C:\OSPanel\domains\mywp\wp-includes\l10n.php:195
[08-Aug-2026 12:05:42 UTC] PHP  11. _load_textdomain_just_in_time($domain = 'acf') C:\OSPanel\domains\mywp\wp-includes\l10n.php:1483
[08-Aug-2026 12:05:42 UTC] PHP  12. _doing_it_wrong($function_name = '_load_textdomain_just_in_time', $message = 'Translation loading for the <code>acf</code> domain was triggered too early. This is usually an indicator for some code in the plugin or theme running too early. Translations should be loaded at the <code>init</code> action or later.', $version = '6.7.0') C:\OSPanel\domains\mywp\wp-includes\l10n.php:1453
[08-Aug-2026 12:05:42 UTC] PHP  13. wp_trigger_error($function_name = '', $message = 'Function _load_textdomain_just_in_time was called <strong>incorrectly</strong>. Translation loading for the <code>acf</code> domain was triggered too early. This is usually an indicator for some code in the plugin or theme running too early. Translations should be loaded at the <code>init</code> action or later. Please see <a href="https://developer.wordpress.org/advanced-administration/debug/debug-wordpress/">Debugging in WordPress</a> for more information. (This message was added in version 6.7.0.)', $error_level = *uninitialized*) C:\OSPanel\domains\mywp\wp-includes\functions.php:6084
[08-Aug-2026 12:05:42 UTC] PHP  14. trigger_error($message = 'Function _load_textdomain_just_in_time was called <strong>incorrectly</strong>. Translation loading for the <code>acf</code> domain was triggered too early. This is usually an indicator for some code in the plugin or theme running too early. Translations should be loaded at the <code>init</code> action or later. Please see <a href="https://developer.wordpress.org/advanced-administration/debug/debug-wordpress/">Debugging in WordPress</a> for more information. (This message was added in version 6.7.0.)', $error_level = 1024) C:\OSPanel\domains\mywp\wp-includes\functions.php:6170
[08-Aug-2026 12:07:42 UTC] PHP Notice:  Function _load_textdomain_just_in_time was called <strong>incorrectly</strong>. Translation loading for the <code>acf</code> domain was triggered too early. This is usually an indicator for some code in the plugin or theme running too early. Translations should be loaded at the <code>init</code> action or later. Please see <a href="https://developer.wordpress.org/advanced-administration/debug/debug-wordpress/">Debugging in WordPress</a> for more information. (This message was added in version 6.7.0.) in C:\OSPanel\domains\mywp\wp-includes\functions.php on line 6170
[08-Aug-2026 12:07:42 UTC] PHP Stack trace:
[08-Aug-2026 12:07:42 UTC] PHP   1. {main}() C:\OSPanel\domains\mywp\wp-admin\admin-ajax.php:0
[08-Aug-2026 12:07:42 UTC] PHP   2. require_once() C:\OSPanel\domains\mywp\wp-admin\admin-ajax.php:22
[08-Aug-2026 12:07:42 UTC] PHP   3. require_once() C:\OSPanel\domains\mywp\wp-load.php:50
[08-Aug-2026 12:07:42 UTC] PHP   4. require_once() C:\OSPanel\domains\mywp\wp-config.php:105
[08-Aug-2026 12:07:42 UTC] PHP   5. include_once() C:\OSPanel\domains\mywp\wp-settings.php:589
[08-Aug-2026 12:07:42 UTC] PHP   6. acf() C:\OSPanel\domains\mywp\wp-content\plugins\advanced-custom-fields-pro\acf.php:831
[08-Aug-2026 12:07:42 UTC] PHP   7. ACF->initialize() C:\OSPanel\domains\mywp\wp-content\plugins\advanced-custom-fields-pro\acf.php:825
[08-Aug-2026 12:07:42 UTC] PHP   8. __($text = 'Advanced Custom Fields', $domain = 'acf') C:\OSPanel\domains\mywp\wp-content\plugins\advanced-custom-fields-pro\acf.php:116
[08-Aug-2026 12:07:42 UTC] PHP   9. translate($text = 'Advanced Custom Fields', $domain = 'acf') C:\OSPanel\domains\mywp\wp-includes\l10n.php:307
[08-Aug-2026 12:07:42 UTC] PHP  10. get_translations_for_domain($domain = 'acf') C:\OSPanel\domains\mywp\wp-includes\l10n.php:195
[08-Aug-2026 12:07:42 UTC] PHP  11. _load_textdomain_just_in_time($domain = 'acf') C:\OSPanel\domains\mywp\wp-includes\l10n.php:1483
[08-Aug-2026 12:07:42 UTC] PHP  12. _doing_it_wrong($function_name = '_load_textdomain_just_in_time', $message = 'Translation loading for the <code>acf</code> domain was triggered too early. This is usually an indicator for some code in the plugin or theme running too early. Translations should be loaded at the <code>init</code> action or later.', $version = '6.7.0') C:\OSPanel\domains\mywp\wp-includes\l10n.php:1453
[08-Aug-2026 12:07:42 UTC] PHP  13. wp_trigger_error($function_name = '', $message = 'Function _load_textdomain_just_in_time was called <strong>incorrectly</strong>. Translation loading for the <code>acf</code> domain was triggered too early. This is usually an indicator for some code in the plugin or theme running too early. Translations should be loaded at the <code>init</code> action or later. Please see <a href="https://developer.wordpress.org/advanced-administration/debug/debug-wordpress/">Debugging in WordPress</a> for more information. (This message was added in version 6.7.0.)', $error_level = *uninitialized*) C:\OSPanel\domains\mywp\wp-includes\functions.php:6084
[08-Aug-2026 12:07:42 UTC] PHP  14. trigger_error($message = 'Function _load_textdomain_just_in_time was called <strong>incorrectly</strong>. Translation loading for the <code>acf</code> domain was triggered too early. This is usually an indicator for some code in the plugin or theme running too early. Translations should be loaded at the <code>init</code> action or later. Please see <a href="https://developer.wordpress.org/advanced-administration/debug/debug-wordpress/">Debugging in WordPress</a> for more information. (This message was added in version 6.7.0.)', $error_level = 1024) C:\OSPanel\domains\mywp\wp-includes\functions.php:6170
[08-Aug-2026 12:08:43 UTC] PHP Notice:  Function _load_textdomain_just_in_time was called <strong>incorrectly</strong>. Translation loading for the <code>acf</code> domain was triggered too early. This is usually an indicator for some code in the plugin or theme running too early. Translations should be loaded at the <code>init</code> action or later. Please see <a href="https://developer.wordpress.org/advanced-administration/debug/debug-wordpress/">Debugging in WordPress</a> for more information. (This message was added in version 6.7.0.) in C:\OSPanel\domains\mywp\wp-includes\functions.php on line 6170
[08-Aug-2026 12:08:43 UTC] PHP Stack trace:
[08-Aug-2026 12:08:43 UTC] PHP   1. {main}() C:\OSPanel\domains\mywp\wp-admin\admin-ajax.php:0
[08-Aug-2026 12:08:43 UTC] PHP   2. require_once() C:\OSPanel\domains\mywp\wp-admin\admin-ajax.php:22
[08-Aug-2026 12:08:43 UTC] PHP   3. require_once() C:\OSPanel\domains\mywp\wp-load.php:50
[08-Aug-2026 12:08:43 UTC] PHP   4. require_once() C:\OSPanel\domains\mywp\wp-config.php:105
[08-Aug-2026 12:08:43 UTC] PHP   5. include_once() C:\OSPanel\domains\mywp\wp-settings.php:589
[08-Aug-2026 12:08:43 UTC] PHP   6. acf() C:\OSPanel\domains\mywp\wp-content\plugins\advanced-custom-fields-pro\acf.php:831
[08-Aug-2026 12:08:43 UTC] PHP   7. ACF->initialize() C:\OSPanel\domains\mywp\wp-content\plugins\advanced-custom-fields-pro\acf.php:825
[08-Aug-2026 12:08:43 UTC] PHP   8. __($text = 'Advanced Custom Fields', $domain = 'acf') C:\OSPanel\domains\mywp\wp-content\plugins\advanced-custom-fields-pro\acf.php:116
[08-Aug-2026 12:08:43 UTC] PHP   9. translate($text = 'Advanced Custom Fields', $domain = 'acf') C:\OSPanel\domains\mywp\wp-includes\l10n.php:307
[08-Aug-2026 12:08:43 UTC] PHP  10. get_translations_for_domain($domain = 'acf') C:\OSPanel\domains\mywp\wp-includes\l10n.php:195
[08-Aug-2026 12:08:43 UTC] PHP  11. _load_textdomain_just_in_time($domain = 'acf') C:\OSPanel\domains\mywp\wp-includes\l10n.php:1483
[08-Aug-2026 12:08:43 UTC] PHP  12. _doing_it_wrong($function_name = '_load_textdomain_just_in_time', $message = 'Translation loading for the <code>acf</code> domain was triggered too early. This is usually an indicator for some code in the plugin or theme running too early. Translations should be loaded at the <code>init</code> action or later.', $version = '6.7.0') C:\OSPanel\domains\mywp\wp-includes\l10n.php:1453
[08-Aug-2026 12:08:43 UTC] PHP  13. wp_trigger_error($function_name = '', $message = 'Function _load_textdomain_just_in_time was called <strong>incorrectly</strong>. Translation loading for the <code>acf</code> domain was triggered too early. This is usually an indicator for some code in the plugin or theme running too early. Translations should be loaded at the <code>init</code> action or later. Please see <a href="https://developer.wordpress.org/advanced-administration/debug/debug-wordpress/">Debugging in WordPress</a> for more information. (This message was added in version 6.7.0.)', $error_level = *uninitialized*) C:\OSPanel\domains\mywp\wp-includes\functions.php:6084
[08-Aug-2026 12:08:43 UTC] PHP  14. trigger_error($message = 'Function _load_textdomain_just_in_time was called <strong>incorrectly</strong>. Translation loading for the <code>acf</code> domain was triggered too early. This is usually an indicator for some code in the plugin or theme running too early. Translations should be loaded at the <code>init</code> action or later. Please see <a href="https://developer.wordpress.org/advanced-administration/debug/debug-wordpress/">Debugging in WordPress</a> for more information. (This message was added in version 6.7.0.)', $error_level = 1024) C:\OSPanel\domains\mywp\wp-includes\functions.php:6170
[08-Aug-2026 12:10:41 UTC] PHP Notice:  Function _load_textdomain_just_in_time was called <strong>incorrectly</strong>. Translation loading for the <code>acf</code> domain was triggered too early. This is usually an indicator for some code in the plugin or theme running too early. Translations should be loaded at the <code>init</code> action or later. Please see <a href="https://developer.wordpress.org/advanced-administration/debug/debug-wordpress/">Debugging in WordPress</a> for more information. (This message was added in version 6.7.0.) in C:\OSPanel\domains\mywp\wp-includes\functions.php on line 6170
[08-Aug-2026 12:10:41 UTC] PHP Stack trace:
[08-Aug-2026 12:10:41 UTC] PHP   1. {main}() C:\OSPanel\domains\mywp\wp-admin\admin-ajax.php:0
[08-Aug-2026 12:10:41 UTC] PHP   2. require_once() C:\OSPanel\domains\mywp\wp-admin\admin-ajax.php:22
[08-Aug-2026 12:10:41 UTC] PHP   3. require_once() C:\OSPanel\domains\mywp\wp-load.php:50
[08-Aug-2026 12:10:41 UTC] PHP   4. require_once() C:\OSPanel\domains\mywp\wp-config.php:105
[08-Aug-2026 12:10:41 UTC] PHP   5. include_once() C:\OSPanel\domains\mywp\wp-settings.php:589
[08-Aug-2026 12:10:41 UTC] PHP   6. acf() C:\OSPanel\domains\mywp\wp-content\plugins\advanced-custom-fields-pro\acf.php:831
[08-Aug-2026 12:10:41 UTC] PHP   7. ACF->initialize() C:\OSPanel\domains\mywp\wp-content\plugins\advanced-custom-fields-pro\acf.php:825
[08-Aug-2026 12:10:41 UTC] PHP   8. __($text = 'Advanced Custom Fields', $domain = 'acf') C:\OSPanel\domains\mywp\wp-content\plugins\advanced-custom-fields-pro\acf.php:116
[08-Aug-2026 12:10:41 UTC] PHP   9. translate($text = 'Advanced Custom Fields', $domain = 'acf') C:\OSPanel\domains\mywp\wp-includes\l10n.php:307
[08-Aug-2026 12:10:41 UTC] PHP  10. get_translations_for_domain($domain = 'acf') C:\OSPanel\domains\mywp\wp-includes\l10n.php:195
[08-Aug-2026 12:10:41 UTC] PHP  11. _load_textdomain_just_in_time($domain = 'acf') C:\OSPanel\domains\mywp\wp-includes\l10n.php:1483
[08-Aug-2026 12:10:41 UTC] PHP  12. _doing_it_wrong($function_name = '_load_textdomain_just_in_time', $message = 'Translation loading for the <code>acf</code> domain was triggered too early. This is usually an indicator for some code in the plugin or theme running too early. Translations should be loaded at the <code>init</code> action or later.', $version = '6.7.0') C:\OSPanel\domains\mywp\wp-includes\l10n.php:1453
[08-Aug-2026 12:10:41 UTC] PHP  13. wp_trigger_error($function_name = '', $message = 'Function _load_textdomain_just_in_time was called <strong>incorrectly</strong>. Translation loading for the <code>acf</code> domain was triggered too early. This is usually an indicator for some code in the plugin or theme running too early. Translations should be loaded at the <code>init</code> action or later. Please see <a href="https://developer.wordpress.org/advanced-administration/debug/debug-wordpress/">Debugging in WordPress</a> for more information. (This message was added in version 6.7.0.)', $error_level = *uninitialized*) C:\OSPanel\domains\mywp\wp-includes\functions.php:6084
[08-Aug-2026 12:10:41 UTC] PHP  14. trigger_error($message = 'Function _load_textdomain_just_in_time was called <strong>incorrectly</strong>. Translation loading for the <code>acf</code> domain was triggered too early. This is usually an indicator for some code in the plugin or theme running too early. Translations should be loaded at the <code>init</code> action or later. Please see <a href="https://developer.wordpress.org/advanced-administration/debug/debug-wordpress/">Debugging in WordPress</a> for more information. (This message was added in version 6.7.0.)', $error_level = 1024) C:\OSPanel\domains\mywp\wp-includes\functions.php:6170
[08-Aug-2026 12:10:43 UTC] PHP Notice:  Function _load_textdomain_just_in_time was called <strong>incorrectly</strong>. Translation loading for the <code>acf</code> domain was triggered too early. This is usually an indicator for some code in the plugin or theme running too early. Translations should be loaded at the <code>init</code> action or later. Please see <a href="https://developer.wordpress.org/advanced-administration/debug/debug-wordpress/">Debugging in WordPress</a> for more information. (This message was added in version 6.7.0.) in C:\OSPanel\domains\mywp\wp-includes\functions.php on line 6170
[08-Aug-2026 12:10:43 UTC] PHP Stack trace:
[08-Aug-2026 12:10:43 UTC] PHP   1. {main}() C:\OSPanel\domains\mywp\wp-cron.php:0
[08-Aug-2026 12:10:43 UTC] PHP   2. require_once() C:\OSPanel\domains\mywp\wp-cron.php:46
[08-Aug-2026 12:10:43 UTC] PHP   3. require_once() C:\OSPanel\domains\mywp\wp-load.php:50
[08-Aug-2026 12:10:43 UTC] PHP   4. require_once() C:\OSPanel\domains\mywp\wp-config.php:105
[08-Aug-2026 12:10:43 UTC] PHP   5. include_once() C:\OSPanel\domains\mywp\wp-settings.php:589
[08-Aug-2026 12:10:43 UTC] PHP   6. acf() C:\OSPanel\domains\mywp\wp-content\plugins\advanced-custom-fields-pro\acf.php:831
[08-Aug-2026 12:10:43 UTC] PHP   7. ACF->initialize() C:\OSPanel\domains\mywp\wp-content\plugins\advanced-custom-fields-pro\acf.php:825
[08-Aug-2026 12:10:43 UTC] PHP   8. __($text = 'Advanced Custom Fields', $domain = 'acf') C:\OSPanel\domains\mywp\wp-content\plugins\advanced-custom-fields-pro\acf.php:116
[08-Aug-2026 12:10:43 UTC] PHP   9. translate($text = 'Advanced Custom Fields', $domain = 'acf') C:\OSPanel\domains\mywp\wp-includes\l10n.php:307
[08-Aug-2026 12:10:43 UTC] PHP  10. get_translations_for_domain($domain = 'acf') C:\OSPanel\domains\mywp\wp-includes\l10n.php:195
[08-Aug-2026 12:10:43 UTC] PHP  11. _load_textdomain_just_in_time($domain = 'acf') C:\OSPanel\domains\mywp\wp-includes\l10n.php:1483
[08-Aug-2026 12:10:43 UTC] PHP  12. _doing_it_wrong($function_name = '_load_textdomain_just_in_time', $message = 'Translation loading for the <code>acf</code> domain was triggered too early. This is usually an indicator for some code in the plugin or theme running too early. Translations should be loaded at the <code>init</code> action or later.', $version = '6.7.0') C:\OSPanel\domains\mywp\wp-includes\l10n.php:1453
[08-Aug-2026 12:10:43 UTC] PHP  13. wp_trigger_error($function_name = '', $message = 'Function _load_textdomain_just_in_time was called <strong>incorrectly</strong>. Translation loading for the <code>acf</code> domain was triggered too early. This is usually an indicator for some code in the plugin or theme running too early. Translations should be loaded at the <code>init</code> action or later. Please see <a href="https://developer.wordpress.org/advanced-administration/debug/debug-wordpress/">Debugging in WordPress</a> for more information. (This message was added in version 6.7.0.)', $error_level = *uninitialized*) C:\OSPanel\domains\mywp\wp-includes\functions.php:6084
[08-Aug-2026 12:10:43 UTC] PHP  14. trigger_error($message = 'Function _load_textdomain_just_in_time was called <strong>incorrectly</strong>. Translation loading for the <code>acf</code> domain was triggered too early. This is usually an indicator for some code in the plugin or theme running too early. Translations should be loaded at the <code>init</code> action or later. Please see <a href="https://developer.wordpress.org/advanced-administration/debug/debug-wordpress/">Debugging in WordPress</a> for more information. (This message was added in version 6.7.0.)', $error_level = 1024) C:\OSPanel\domains\mywp\wp-includes\functions.php:6170
[08-Aug-2026 12:10:45 UTC] PHP Notice:  Function _load_textdomain_just_in_time was called <strong>incorrectly</strong>. Translation loading for the <code>acf</code> domain was triggered too early. This is usually an indicator for some code in the plugin or theme running too early. Translations should be loaded at the <code>init</code> action or later. Please see <a href="https://developer.wordpress.org/advanced-administration/debug/debug-wordpress/">Debugging in WordPress</a> for more information. (This message was added in version 6.7.0.) in C:\OSPanel\domains\mywp\wp-includes\functions.php on line 6170
[08-Aug-2026 12:10:45 UTC] PHP Stack trace:
[08-Aug-2026 12:10:45 UTC] PHP   1. {main}() C:\OSPanel\domains\mywp\index.php:0
[08-Aug-2026 12:10:45 UTC] PHP   2. require() C:\OSPanel\domains\mywp\index.php:17
[08-Aug-2026 12:10:45 UTC] PHP   3. require_once() C:\OSPanel\domains\mywp\wp-blog-header.php:13
[08-Aug-2026 12:10:45 UTC] PHP   4. require_once() C:\OSPanel\domains\mywp\wp-load.php:50
[08-Aug-2026 12:10:46 UTC] PHP   5. require_once() C:\OSPanel\domains\mywp\wp-config.php:105
[08-Aug-2026 12:10:46 UTC] PHP   6. include_once() C:\OSPanel\domains\mywp\wp-settings.php:589
[08-Aug-2026 12:10:46 UTC] PHP   7. acf() C:\OSPanel\domains\mywp\wp-content\plugins\advanced-custom-fields-pro\acf.php:831
[08-Aug-2026 12:10:46 UTC] PHP   8. ACF->initialize() C:\OSPanel\domains\mywp\wp-content\plugins\advanced-custom-fields-pro\acf.php:825
[08-Aug-2026 12:10:46 UTC] PHP   9. __($text = 'Advanced Custom Fields', $domain = 'acf') C:\OSPanel\domains\mywp\wp-content\plugins\advanced-custom-fields-pro\acf.php:116
[08-Aug-2026 12:10:46 UTC] PHP  10. translate($text = 'Advanced Custom Fields', $domain = 'acf') C:\OSPanel\domains\mywp\wp-includes\l10n.php:307
[08-Aug-2026 12:10:46 UTC] PHP  11. get_translations_for_domain($domain = 'acf') C:\OSPanel\domains\mywp\wp-includes\l10n.php:195
[08-Aug-2026 12:10:46 UTC] PHP  12. _load_textdomain_just_in_time($domain = 'acf') C:\OSPanel\domains\mywp\wp-includes\l10n.php:1483
[08-Aug-2026 12:10:46 UTC] PHP  13. _doing_it_wrong($function_name = '_load_textdomain_just_in_time', $message = 'Translation loading for the <code>acf</code> domain was triggered too early. This is usually an indicator for some code in the plugin or theme running too early. Translations should be loaded at the <code>init</code> action or later.', $version = '6.7.0') C:\OSPanel\domains\mywp\wp-includes\l10n.php:1453
[08-Aug-2026 12:10:46 UTC] PHP  14. wp_trigger_error($function_name = '', $message = 'Function _load_textdomain_just_in_time was called <strong>incorrectly</strong>. Translation loading for the <code>acf</code> domain was triggered too early. This is usually an indicator for some code in the plugin or theme running too early. Translations should be loaded at the <code>init</code> action or later. Please see <a href="https://developer.wordpress.org/advanced-administration/debug/debug-wordpress/">Debugging in WordPress</a> for more information. (This message was added in version 6.7.0.)', $error_level = *uninitialized*) C:\OSPanel\domains\mywp\wp-includes\functions.php:6084
[08-Aug-2026 12:10:46 UTC] PHP  15. trigger_error($message = 'Function _load_textdomain_just_in_time was called <strong>incorrectly</strong>. Translation loading for the <code>acf</code> domain was triggered too early. This is usually an indicator for some code in the plugin or theme running too early. Translations should be loaded at the <code>init</code> action or later. Please see <a href="https://developer.wordpress.org/advanced-administration/debug/debug-wordpress/">Debugging in WordPress</a> for more information. (This message was added in version 6.7.0.)', $error_level = 1024) C:\OSPanel\domains\mywp\wp-includes\functions.php:6170
[08-Aug-2026 12:10:49 UTC] PHP Notice:  Function _load_textdomain_just_in_time was called <strong>incorrectly</strong>. Translation loading for the <code>acf</code> domain was triggered too early. This is usually an indicator for some code in the plugin or theme running too early. Translations should be loaded at the <code>init</code> action or later. Please see <a href="https://developer.wordpress.org/advanced-administration/debug/debug-wordpress/">Debugging in WordPress</a> for more information. (This message was added in version 6.7.0.) in C:\OSPanel\domains\mywp\wp-includes\functions.php on line 6170
[08-Aug-2026 12:10:49 UTC] PHP Stack trace:
[08-Aug-2026 12:10:49 UTC] PHP   1. {main}() C:\OSPanel\domains\mywp\index.php:0
[08-Aug-2026 12:10:49 UTC] PHP   2. require() C:\OSPanel\domains\mywp\index.php:17
[08-Aug-2026 12:10:49 UTC] PHP   3. require_once() C:\OSPanel\domains\mywp\wp-blog-header.php:13
[08-Aug-2026 12:10:49 UTC] PHP   4. require_once() C:\OSPanel\domains\mywp\wp-load.php:50
[08-Aug-2026 12:10:49 UTC] PHP   5. require_once() C:\OSPanel\domains\mywp\wp-config.php:105
[08-Aug-2026 12:10:49 UTC] PHP   6. include_once() C:\OSPanel\domains\mywp\wp-settings.php:589
[08-Aug-2026 12:10:49 UTC] PHP   7. acf() C:\OSPanel\domains\mywp\wp-content\plugins\advanced-custom-fields-pro\acf.php:831
[08-Aug-2026 12:10:49 UTC] PHP   8. ACF->initialize() C:\OSPanel\domains\mywp\wp-content\plugins\advanced-custom-fields-pro\acf.php:825
[08-Aug-2026 12:10:49 UTC] PHP   9. __($text = 'Advanced Custom Fields', $domain = 'acf') C:\OSPanel\domains\mywp\wp-content\plugins\advanced-custom-fields-pro\acf.php:116
[08-Aug-2026 12:10:49 UTC] PHP  10. translate($text = 'Advanced Custom Fields', $domain = 'acf') C:\OSPanel\domains\mywp\wp-includes\l10n.php:307
[08-Aug-2026 12:10:49 UTC] PHP  11. get_translations_for_domain($domain = 'acf') C:\OSPanel\domains\mywp\wp-includes\l10n.php:195
[08-Aug-2026 12:10:49 UTC] PHP  12. _load_textdomain_just_in_time($domain = 'acf') C:\OSPanel\domains\mywp\wp-includes\l10n.php:1483
[08-Aug-2026 12:10:49 UTC] PHP  13. _doing_it_wrong($function_name = '_load_textdomain_just_in_time', $message = 'Translation loading for the <code>acf</code> domain was triggered too early. This is usually an indicator for some code in the plugin or theme running too early. Translations should be loaded at the <code>init</code> action or later.', $version = '6.7.0') C:\OSPanel\domains\mywp\wp-includes\l10n.php:1453
[08-Aug-2026 12:10:49 UTC] PHP  14. wp_trigger_error($function_name = '', $message = 'Function _load_textdomain_just_in_time was called <strong>incorrectly</strong>. Translation loading for the <code>acf</code> domain was triggered too early. This is usually an indicator for some code in the plugin or theme running too early. Translations should be loaded at the <code>init</code> action or later. Please see <a href="https://developer.wordpress.org/advanced-administration/debug/debug-wordpress/">Debugging in WordPress</a> for more information. (This message was added in version 6.7.0.)', $error_level = *uninitialized*) C:\OSPanel\domains\mywp\wp-includes\functions.php:6084
[08-Aug-2026 12:10:49 UTC] PHP  15. trigger_error($message = 'Function _load_textdomain_just_in_time was called <strong>incorrectly</strong>. Translation loading for the <code>acf</code> domain was triggered too early. This is usually an indicator for some code in the plugin or theme running too early. Translations should be loaded at the <code>init</code> action or later. Please see <a href="https://developer.wordpress.org/advanced-administration/debug/debug-wordpress/">Debugging in WordPress</a> for more information. (This message was added in version 6.7.0.)', $error_level = 1024) C:\OSPanel\domains\mywp\wp-includes\functions.php:6170
